,bbox_id,air_quality,area,closest_shop,cloud_cover,humidity,shops_amount,temperature
2000,London1,74,45.886468114738705,134,0.56,0.77,10,10.61
2001,London1,73,59.4773225810196,25,0.56,0.77,38,10.57
2002,London1,74,1500.6865481293698,50,0.56,0.77,42,10.61
2003,London1,73,115.817029865673,199,0.56,0.77,25,10.57
2004,London1,74,33.320679915338395,132,0.56,0.77,15,10.61
2005,London1,74,65.4800127705135,265,0.56,0.77,21,10.61
2006,London1,73,63.063640446507705,220,0.56,0.77,5,10.57
2007,London1,74,337.95828620971804,117,0.56,0.77,22,10.61
2008,London1,73,226.675414798235,165,0.56,0.77,24,10.57
2009,London1,73,484.088332568752,158,0.56,0.77,29,10.57
2010,London1,74,234.569287,271,0.56,0.77,22,10.61
2011,London1,73,2941.2660344760197,203,0.56,0.77,13,10.57
2012,London1,73,62.641555839324596,50,0.56,0.77,39,10.57
2013,London1,73,94.743843975232,29,0.56,0.77,36,10.57
2014,London1,74,53.3907615124891,187,0.56,0.77,38,10.61
2015,London1,74,49.929275650277006,35,0.56,0.77,21,10.61
2016,London1,74,64.5933131245951,59,0.56,0.77,3,10.61
2017,London1,74,124.362260405772,237,0.56,0.77,9,10.61
2018,London1,73,42.8600846111503,141,0.56,0.77,3,10.57
2019,London1,73,170.331294998713,318,0.56,0.77,8,10.57
2020,London1,73,62.2719626352846,19,0.56,0.77,31,10.57
2021,London1,74,31.593058222673896,159,0.56,0.77,9,10.61
2022,London1,74,213.07277993804902,263,0.56,0.77,8,10.61
2023,London1,74,144.813213745326,113,0.56,0.77,10,10.61
2024,London1,73,102.04285449519699,96,0.56,0.77,36,10.57
2025,London1,73,59.2084539705851,62,0.56,0.77,41,10.57
2026,London1,73,41.0837734180237,193,0.56,0.77,7,10.57
2027,London1,73,56.626552296757495,178,0.56,0.77,3,10.57
2028,London1,73,55.026953726215,32,0.56,0.77,12,10.57
2029,London1,73,118.97792146105301,201,0.56,0.77,4,10.57
2030,London1,73,73.0107105577072,48,0.56,0.77,12,10.57
2031,London1,73,56.8474341324787,38,0.56,0.77,39,10.57
2032,London1,73,145.09845087778098,213,0.56,0.77,23,10.57
2033,London1,73,53.532605818112,195,0.56,0.77,5,10.57
2034,London1,73,60.3492837866883,183,0.56,0.77,4,10.57
2035,London1,74,897.947844461017,82,0.56,0.77,9,10.61
2036,London1,74,58.7485633575499,76,0.56,0.77,14,10.61
2037,London1,74,699.434638364949,43,0.56,0.77,8,10.61
2038,London1,74,1259.5062254815302,105,0.56,0.77,43,10.61
2039,London1,74,133.564674483466,176,0.56,0.77,9,10.61
2040,London1,74,143.5424448872,118,0.56,0.77,39,10.61
2041,London1,73,113.497402061651,229,0.56,0.77,20,10.57
2042,London1,73,121.3652067527,155,0.56,0.77,28,10.57
2043,London1,73,72.1207576764052,207,0.56,0.77,5,10.57
2044,London1,73,50.827223684705,30,0.56,0.77,12,10.57
2045,London1,73,52.3804052834089,32,0.56,0.77,40,10.57
2046,London1,73,139.112301245465,178,0.56,0.77,4,10.57
2047,London1,74,121.49541859573799,149,0.56,0.77,39,10.61
2048,London1,73,987.30992496232,105,0.56,0.77,12,10.57
2049,London1,74,194.256444084731,145,0.56,0.77,8,10.61
2050,London1,74,83.2789532477558,165,0.56,0.77,39,10.61
2051,London1,73,2550.75589152566,81,0.56,0.77,37,10.57
2052,London1,73,48.349679140639296,152,0.56,0.77,4,10.57
2053,London1,74,65.3183514299635,67,0.56,0.77,3,10.61
2054,London1,73,64.8907173334661,148,0.56,0.77,4,10.57
2055,London1,74,382.55353030980905,174,0.56,0.77,26,10.61
2056,London1,74,97.0012854642773,106,0.56,0.77,12,10.61
2057,London1,73,57.4271411696871,29,0.56,0.77,31,10.57
2058,London1,74,464.014586630237,71,0.56,0.77,45,10.61
2059,London1,74,920.3597222633431,252,0.56,0.77,15,10.61
2060,London1,74,4835.41223567046,186,0.56,0.77,12,10.61
2061,London1,73,191.799535638246,168,0.56,0.77,10,10.57
2062,London1,73,84.9058454528714,33,0.56,0.77,36,10.57
2063,London1,74,51.70619056421,166,0.56,0.77,9,10.61
2064,London1,73,1989.5614687948603,14,0.56,0.77,42,10.57
2065,London1,74,45.8801030924716,151,0.56,0.77,10,10.61
2066,London1,73,119.41632663556999,230,0.56,0.77,7,10.57
2067,London1,74,398.418644721684,65,0.56,0.77,37,10.61
2068,London1,73,54.966289225389396,190,0.56,0.77,4,10.57
2069,London1,74,362.79993865332,143,0.56,0.77,4,10.61
2070,London1,73,53.78815461455179,164,0.56,0.77,4,10.57
2071,London1,74,278.92449195828897,61,0.56,0.77,31,10.61
2072,London1,73,974.979236004388,84,0.56,0.77,35,10.57
2073,London1,74,870.658429486915,21,0.56,0.77,18,10.61
2074,London1,73,167.45879109118601,47,0.56,0.77,42,10.57
2075,London1,73,51.825905801203696,11,0.56,0.77,37,10.57
2076,London1,73,158.357041114458,178,0.56,0.77,10,10.57
2077,London1,73,31.0652278725925,13,0.56,0.77,12,10.57
2078,London1,74,539.457184044388,159,0.56,0.77,9,10.61
2079,London1,74,60.0021530908369,41,0.56,0.77,23,10.61
2080,London1,74,969.109847479636,174,0.56,0.77,9,10.61
2081,London1,74,48.62216225245629,168,0.56,0.77,9,10.61
2082,London1,73,96.2170372458971,85,0.56,0.77,37,10.57
2083,London1,73,58.4720194211652,48,0.56,0.77,11,10.57
2084,London1,73,74.9461279447332,99,0.56,0.77,41,10.57
2085,London1,74,38.0601945970016,30,0.56,0.77,30,10.61
2086,London1,73,41.500347323831,90,0.56,0.77,12,10.57
2087,London1,73,5990.76712384027,118,0.56,0.77,26,10.57
2088,London1,73,38.5031403289464,7,0.56,0.77,12,10.57
2089,London1,73,187.104810201862,38,0.56,0.77,14,10.57
2090,London1,73,99.6510480251298,50,0.56,0.77,38,10.57
2091,London1,74,68.7511847878405,50,0.56,0.77,26,10.61
2092,London1,73,91.2336130654303,193,0.56,0.77,10,10.57
2093,London1,73,52.7679540158235,24,0.56,0.77,12,10.57
2094,London1,74,0.017298791116846002,45,0.56,0.77,31,10.61
2095,London1,73,1482.5781287844598,154,0.56,0.77,14,10.57
2096,London1,73,112.328240335763,217,0.56,0.77,7,10.57
2097,London1,73,43.5567118720092,59,0.56,0.77,11,10.57
2098,London1,73,38.0380187146239,107,0.56,0.77,36,10.57
2099,London1,73,75.3616808293804,109,0.56,0.77,3,10.57
2100,London2,74,202.743941668134,207,0.56,0.77,14,10.57
2101,London2,74,54.3004912722372,45,0.56,0.77,9,10.57
2102,London2,74,743.720513991595,279,0.56,0.77,11,10.57
2103,London2,74,147.14305347907802,121,0.56,0.77,8,10.57
2104,London2,74,56.351627765317,135,0.56,0.77,17,10.57
2105,London2,80,750.370264637202,398,0.56,0.77,3,10.55
2106,London2,74,97.3010486932254,47,0.56,0.77,12,10.57
2107,London2,80,357.11418864555606,401,0.56,0.77,2,10.55
2108,London2,74,188.654713897346,49,0.56,0.77,8,10.57
2109,London2,80,349.253446242006,191,0.56,0.77,3,10.55
2110,London2,74,111.34408168161998,130,0.56,0.77,16,10.57
2111,London2,74,60.0224343586125,44,0.56,0.77,16,10.57
2112,London2,80,994.400965214948,450,0.56,0.77,2,10.55
2113,London2,74,120.949357381004,298,0.56,0.77,8,10.57
2114,London2,74,33.9114898420408,165,0.56,0.77,14,10.57
2115,London2,74,130.589434153175,46,0.56,0.77,12,10.57
2116,London2,80,268.558383032891,491,0.56,0.77,1,10.55
2117,London2,80,72.646440500761,324,0.56,0.77,2,10.55
2118,London2,74,52.3250077185551,52,0.56,0.77,9,10.57
2119,London2,80,412.133711556004,106,0.56,0.77,6,10.55
2120,London2,74,1952.91724410995,131,0.56,0.77,16,10.57
2121,London2,80,716.277234068254,548,0.56,0.77,0,10.55
2122,London2,74,56.35542794613271,175,0.56,0.77,14,10.57
2123,London2,80,221.60660463348802,239,0.56,0.77,3,10.55
2124,London2,74,46.3208564870694,179,0.56,0.77,13,10.57
2125,London2,74,2497.9091627481102,263,0.56,0.77,11,10.57
2126,London2,80,120.893750046903,166,0.56,0.77,2,10.55
2127,London2,74,56.2544615788009,169,0.56,0.77,14,10.57
2128,London2,74,71.8924899977824,65,0.56,0.77,8,10.57
2129,London2,74,137.664709307741,53,0.56,0.77,12,10.57
2130,London2,80,178.752922545036,264,0.56,0.77,2,10.55
2131,London2,74,56.351055981574405,185,0.56,0.77,14,10.57
2132,London2,74,159.08311972836398,174,0.56,0.77,8,10.57
2133,London2,74,560.193510985563,142,0.56,0.77,16,10.57
2134,London2,80,162.269810044685,237,0.56,0.77,3,10.55
2135,London2,80,226.51723080028302,207,0.56,0.77,2,10.55
2136,London2,80,1172.24425236506,61,0.56,0.77,4,10.55
2137,London2,74,380.390965892589,51,0.56,0.77,11,10.57
2138,London2,74,56.385974463759005,150,0.56,0.77,14,10.57
2139,London2,80,122.760634313841,187,0.56,0.77,2,10.55
2140,London2,80,43.1235119179142,380,0.56,0.77,2,10.55
2141,London2,74,124.842783274652,309,0.56,0.77,9,10.57
2142,London2,74,82.5043429371826,61,0.56,0.77,8,10.57
2143,London2,74,45.6458596557358,61,0.56,0.77,7,10.57
2144,London2,80,119.171196415616,300,0.56,0.77,2,10.55
2145,London2,74,193.792677987126,138,0.56,0.77,8,10.57
2146,London2,80,74.0101905583788,424,0.56,0.77,2,10.55
2147,London2,80,602.522866763289,45,0.56,0.77,7,10.55
2148,London2,74,131.310950069483,21,0.56,0.77,9,10.57
2149,London2,74,86.81319551679579,53,0.56,0.77,10,10.57
2150,London2,74,9042.58202099819,317,0.56,0.77,6,10.57
2151,London2,74,39.1882565485259,90,0.56,0.77,15,10.57
2152,London2,74,144.885786033154,54,0.56,0.77,12,10.57
2153,London2,74,61.8392920682421,7,0.56,0.77,11,10.57
2154,London2,74,114.437316023852,55,0.56,0.77,12,10.57
2155,London2,74,241.493733272383,100,0.56,0.77,12,10.57
2156,London2,74,142.127508360956,264,0.56,0.77,13,10.57
2157,London2,74,50.7300958658198,43,0.56,0.77,12,10.57
2158,London2,80,117.78172668083401,145,0.56,0.77,2,10.55
2159,London2,74,421.686716030196,97,0.56,0.77,17,10.57
2160,London2,80,114.05022750423099,220,0.56,0.77,3,10.55
2161,London2,74,146.354285938578,196,0.56,0.77,8,10.57
2162,London2,74,127.462772115847,223,0.56,0.77,8,10.57
2163,London2,74,56.3858791046128,159,0.56,0.77,14,10.57
2164,London2,80,630.449107399506,33,0.56,0.77,8,10.55
2165,London2,74,151.353460082851,137,0.56,0.77,13,10.57
2166,London2,74,56.3553801931147,172,0.56,0.77,14,10.57
2167,London2,80,156.45383138468,242,0.56,0.77,2,10.55
2168,London2,74,56.3567579807988,181,0.56,0.77,14,10.57
2169,London2,74,228.46839299842003,123,0.56,0.77,12,10.57
2170,London2,74,56.254271330464,163,0.56,0.77,14,10.57
2171,London2,74,79.2771921355818,142,0.56,0.77,17,10.57
2172,London2,74,194.21930480284598,201,0.56,0.77,7,10.57
2173,London2,74,1247.57014264989,316,0.56,0.77,9,10.57
2174,London2,74,527.9868578322889,13,0.56,0.77,8,10.57
2175,London2,74,50.944819023619296,138,0.56,0.77,15,10.57
2176,London2,80,135.73614274005502,145,0.56,0.77,3,10.55
2177,London2,74,162.830485657919,147,0.56,0.77,8,10.57
2178,London2,74,46.3319624838266,180,0.56,0.77,13,10.57
2179,London2,74,139.182024303118,87,0.56,0.77,11,10.57
2180,London2,80,296.663824316091,488,0.56,0.77,1,10.55
2181,London2,80,3253.6102353544397,202,0.56,0.77,3,10.55
2182,London2,74,39.6467959414493,150,0.56,0.77,14,10.57
2183,London2,74,61.908970588239896,2,0.56,0.77,11,10.57
2184,London2,80,353.954095695479,367,0.56,0.77,1,10.55
2185,London2,80,735.8188019867059,107,0.56,0.77,4,10.55
2186,London2,74,262.604860658563,224,0.56,0.77,12,10.57
2187,London2,74,73.929198185907,20,0.56,0.77,11,10.57
2188,London2,74,47.0765107240268,92,0.56,0.77,9,10.57
2189,London2,74,486.487717472893,227,0.56,0.77,13,10.57
2190,London2,74,89.23087294419778,35,0.56,0.77,12,10.57
2191,London2,80,2108.97916886761,397,0.56,0.77,2,10.55
2192,London2,74,387.739319300783,198,0.56,0.77,13,10.57
2193,London2,74,1022.2268250871001,164,0.56,0.77,14,10.57
2194,London2,80,734.726700021755,607,0.56,0.77,0,10.55
2195,London2,74,138.240094919674,258,0.56,0.77,8,10.57
2196,London2,74,121.03589121543502,229,0.56,0.77,11,10.57
2197,London2,74,56.3557614524122,169,0.56,0.77,14,10.57
2198,London2,80,547.922733761592,132,0.56,0.77,6,10.55
2199,London2,74,61.90922987036261,41,0.56,0.77,11,10.57
2200,London3,78,60.978677293430394,102,0.56,0.77,20,10.63
2201,London3,85,55.2510928752948,216,0.56,0.77,18,10.62
2202,London3,78,45.269808307744206,75,0.56,0.77,21,10.63
2203,London3,78,183.343106097347,244,0.56,0.77,3,10.63
2204,London3,85,551.609753659147,439,0.56,0.77,6,10.62
2205,London3,78,270.62518738461,20,0.56,0.77,25,10.63
2206,London3,78,524.4797875805519,18,0.56,0.77,13,10.63
2207,London3,78,86.44846075399059,59,0.56,0.77,29,10.63
2208,London3,78,1173.59430458769,68,0.56,0.77,14,10.63
2209,London3,85,83.5216392881713,167,0.56,0.77,40,10.62
2210,London3,78,46.646651266081804,131,0.56,0.77,22,10.63
2211,London3,78,199.215646129916,76,0.56,0.77,18,10.63
2212,London3,78,1140.67251383492,190,0.56,0.77,18,10.63
2213,London3,78,281.424816936774,6,0.56,0.77,3,10.63
2214,London3,85,64.2390455163292,3,0.56,0.77,20,10.62
2215,London3,78,1449.80361926569,65,0.56,0.77,22,10.63
2216,London3,78,2575.77927653258,106,0.56,0.77,7,10.63
2217,London3,78,289.302231380229,76,0.56,0.77,3,10.63
2218,London3,78,83.42570399132171,144,0.56,0.77,19,10.63
2219,London3,85,87.13914919772041,65,0.56,0.77,20,10.62
2220,London3,78,44.2069272352788,75,0.56,0.77,20,10.63
2221,London3,78,57.646597981540296,122,0.56,0.77,18,10.63
2222,London3,78,82.0514009276585,26,0.56,0.77,3,10.63
2223,London3,78,316.90430116687304,139,0.56,0.77,5,10.63
2224,London3,78,1898.07552497981,57,0.56,0.77,28,10.63
2225,London3,85,55.5577856408599,151,0.56,0.77,19,10.62
2226,London3,78,474.87989599072404,103,0.56,0.77,4,10.63
2227,London3,78,65.4988773245459,53,0.56,0.77,31,10.63
2228,London3,78,484.921701810822,155,0.56,0.77,7,10.63
2229,London3,85,1321.8920481577302,159,0.56,0.77,39,10.62
2230,London3,85,55.7148690139647,88,0.56,0.77,18,10.62
2231,London3,78,226.47884975575099,39,0.56,0.77,34,10.63
2232,London3,78,342.64312876589804,61,0.56,0.77,15,10.63
2233,London3,85,202.72037526784698,110,0.56,0.77,18,10.62
2234,London3,85,202.401459695109,68,0.56,0.77,23,10.62
2235,London3,78,336.288807711951,94,0.56,0.77,19,10.63
2236,London3,85,102.448775878183,78,0.56,0.77,37,10.62
2237,London3,78,12.5914632152935,184,0.56,0.77,12,10.63
2238,London3,85,167.943492294962,44,0.56,0.77,18,10.62
2239,London3,78,318.554110701586,70,0.56,0.77,11,10.63
2240,London3,85,343.55440189845405,68,0.56,0.77,29,10.62
2241,London3,78,184.02461207925398,72,0.56,0.77,23,10.63
2242,London3,85,37.9364791674092,71,0.56,0.77,16,10.62
2243,London3,78,166.239030511664,67,0.56,0.77,16,10.63
2244,London3,78,1161.54687274196,39,0.56,0.77,13,10.63
2245,London3,85,219.121147540643,52,0.56,0.77,19,10.62
2246,London3,78,58.2130299546965,62,0.56,0.77,17,10.63
2247,London3,78,68.5183232065432,112,0.56,0.77,14,10.63
2248,London3,78,245.911654135024,149,0.56,0.77,33,10.63
2249,London3,78,43.0927747241025,110,0.56,0.77,5,10.63
2250,London3,78,128.690239091472,121,0.56,0.77,25,10.63
2251,London3,85,3700.48686757236,88,0.56,0.77,18,10.62
2252,London3,85,47.5949540269812,305,0.56,0.77,17,10.62
2253,London3,78,269.722914223107,171,0.56,0.77,30,10.63
2254,London3,85,323.855981315012,97,0.56,0.77,42,10.62
2255,London3,78,662.1344195902179,68,0.56,0.77,33,10.63
2256,London3,85,1043.22184932995,153,0.56,0.77,29,10.62
2257,London3,78,276.52531389229097,186,0.56,0.77,11,10.63
2258,London3,78,43.0460200231708,77,0.56,0.77,20,10.63
2259,London3,85,627.549230859339,35,0.56,0.77,30,10.62
2260,London3,78,56.0986273232975,75,0.56,0.77,16,10.63
2261,London3,78,1519.18707355311,86,0.56,0.77,30,10.63
2262,London3,78,144.12227469028,138,0.56,0.77,20,10.63
2263,London3,78,350.89186823852094,108,0.56,0.77,28,10.63
2264,London3,85,499.919453804264,22,0.56,0.77,28,10.62
2265,London3,78,143.163607855383,164,0.56,0.77,26,10.63
2266,London3,78,100.410567174751,45,0.56,0.77,33,10.63
2267,London3,78,222.192998186643,126,0.56,0.77,24,10.63
2268,London3,85,72.2853892022705,116,0.56,0.77,19,10.62
2269,London3,78,421.99295219331805,25,0.56,0.77,7,10.63
2270,London3,78,155.533470427897,76,0.56,0.77,27,10.63
2271,London3,78,410.931460468545,85,0.56,0.77,3,10.63
2272,London3,78,121.02308857173401,102,0.56,0.77,18,10.63
2273,London3,78,192.085123808492,70,0.56,0.77,18,10.63
2274,London3,78,531.200385227365,197,0.56,0.77,6,10.63
2275,London3,85,2947.7883927305297,171,0.56,0.77,16,10.62
2276,London3,78,55.10302622104629,123,0.56,0.77,14,10.63
2277,London3,85,1090.7190167004599,101,0.56,0.77,34,10.62
2278,London3,78,126.282073426744,115,0.56,0.77,20,10.63
2279,London3,85,506.03393034938205,377,0.56,0.77,6,10.62
2280,London3,78,107.366498170518,52,0.56,0.77,20,10.63
2281,London3,85,188.901347186437,159,0.56,0.77,18,10.62
2282,London3,78,125.539105179359,70,0.56,0.77,20,10.63
2283,London3,78,1036.90017163576,169,0.56,0.77,22,10.63
2284,London3,85,9.231640874438382,45,0.56,0.77,39,10.62
2285,London3,85,773.4834292826421,148,0.56,0.77,38,10.62
2286,London3,85,50.5285672229924,164,0.56,0.77,18,10.62
2287,London3,78,503.12658224181,88,0.56,0.77,20,10.63
2288,London3,78,303.87492916502003,11,0.56,0.77,12,10.63
2289,London3,85,22.7808792612965,392,0.56,0.77,6,10.62
2290,London3,78,286.129307786518,129,0.56,0.77,17,10.63
2291,London3,78,161.61542078089198,50,0.56,0.77,20,10.63
2292,London3,85,92.68893476563,121,0.56,0.77,41,10.62
2293,London3,78,3264.5922623713104,148,0.56,0.77,6,10.63
2294,London3,78,668.700363960411,69,0.56,0.77,18,10.63
2295,London3,78,94.5432531909042,106,0.56,0.77,18,10.63
2296,London3,78,47.2485285352071,62,0.56,0.77,15,10.63
2297,London3,78,37.3719921142969,144,0.56,0.77,4,10.63
2298,London3,78,442.005250916007,16,0.56,0.77,17,10.63
2299,London3,78,53.75987500953279,96,0.56,0.77,20,10.63
2300,London4,85,548.588124818905,511,0.56,0.77,0,10.61
2301,London4,85,733.8788252425701,781,0.56,0.77,0,10.61
2302,London4,85,86.17537364560292,284,0.56,0.77,2,10.65
2303,London4,75,66.1348317197749,273,0.56,0.77,2,10.64
2304,London4,85,102.00547716342501,364,0.56,0.77,1,10.65
2305,London4,85,26.9397150170009,1041,0.56,0.77,0,10.61
2306,London4,75,775.655596760722,504,0.56,0.77,0,10.64
2307,London4,75,62.35734059525189,219,0.56,0.77,2,10.64
2308,London4,77,51.4814655612533,1140,0.56,0.77,0,10.64
2309,London4,85,557.944011503978,703,0.56,0.77,0,10.65
2310,London4,85,104.684010670077,1199,0.56,0.77,0,10.61
2311,London4,75,42.439409785464704,337,0.56,0.77,2,10.64
2312,London4,85,96.3255090759815,290,0.56,0.77,2,10.65
2313,London4,77,777.959413431296,1041,0.56,0.77,0,10.64
2314,London4,85,639.991483434318,185,0.56,0.77,2,10.65
2315,London4,75,919.405713264178,543,0.56,0.77,0,10.64
2316,London4,85,295.87414732807997,1109,0.56,0.77,0,10.65
2317,London4,77,572.77225826303,1140,0.56,0.77,0,10.64
2318,London4,85,319.96017821805,847,0.56,0.77,0,10.61
2319,London4,75,444.87921084607694,359,0.56,0.77,1,10.64
2320,London4,85,93.4847119494997,1186,0.56,0.77,0,10.61
2321,London4,85,154.936611403393,758,0.56,0.77,0,10.65
2322,London4,75,596.162159872508,604,0.56,0.77,0,10.64
2323,London4,75,94.693189961951,335,0.56,0.77,2,10.64
2324,London4,85,96.0228622792214,1034,0.56,0.77,0,10.61
2325,London4,77,863.401214212825,960,0.56,0.77,0,10.64
2326,London4,85,1106.9904218941401,846,0.56,0.77,0,10.65
2327,London4,85,125.282150522701,964,0.56,0.77,0,10.61
2328,London4,77,280.071526022922,1239,0.56,0.77,0,10.64
2329,London4,85,66.504959208285,862,0.56,0.77,0,10.65
2330,London4,75,922.492951545384,414,0.56,0.77,2,10.64
2331,London4,85,71.06266512507901,269,0.56,0.77,2,10.65
2332,London4,75,264.279103812376,454,0.56,0.77,2,10.64
2333,London4,75,443.608069809873,271,0.56,0.77,2,10.64
2334,London4,75,186.402782000688,52,0.56,0.77,2,10.64
2335,London4,85,171.341494446588,439,0.56,0.77,1,10.61
2336,London4,85,373.01787837570504,982,0.56,0.77,0,10.61
2337,London4,85,68.8875818568161,804,0.56,0.77,0,10.65
2338,London4,85,936.718944179594,949,0.56,0.77,0,10.65
2339,London4,75,551.173809598487,149,0.56,0.77,2,10.64
2340,London4,75,61.2506534590737,240,0.56,0.77,1,10.64
2341,London4,85,158.62495138306699,337,0.56,0.77,1,10.61
2342,London4,85,1411.5669409128602,1060,0.56,0.77,0,10.65
2343,London4,85,117.33251554323799,900,0.56,0.77,0,10.65
2344,London4,85,54.653521457770005,919,0.56,0.77,0,10.65
2345,London4,85,731.666373416837,591,0.56,0.77,0,10.65
2346,London4,75,415.473898972952,80,0.56,0.77,1,10.64
2347,London4,85,89.2865332872571,328,0.56,0.77,2,10.65
2348,London4,85,1107.9219240621198,558,0.56,0.77,0,10.65
2349,London4,77,48.044818490762,1097,0.56,0.77,0,10.64
2350,London4,75,289.502352539471,218,0.56,0.77,2,10.64
2351,London4,85,30.477225515432,881,0.56,0.77,0,10.65
2352,London4,85,95.2405554324606,1133,0.56,0.77,0,10.61
2353,London4,75,283.11477552827597,415,0.56,0.77,2,10.64
2354,London4,85,101.71646843736299,1039,0.56,0.77,0,10.61
2355,London4,85,101.446678226789,1157,0.56,0.77,0,10.61
2356,London4,85,69.48212956548271,917,0.56,0.77,0,10.65
2357,London4,85,354.380974205609,698,0.56,0.77,0,10.65
2358,London4,85,33.073324799823,949,0.56,0.77,0,10.65
2359,London4,77,921.901875475222,1231,0.56,0.77,0,10.64
2360,London4,75,110.449743479971,490,0.56,0.77,2,10.64
2361,London4,75,366.16954501646796,337,0.56,0.77,1,10.64
2362,London4,77,45.3178532734443,1397,0.56,0.77,0,10.64
2363,London4,85,183.883296539127,1006,0.56,0.77,0,10.65
2364,London4,77,623.109598604203,1005,0.56,0.77,0,10.64
2365,London4,77,442.336396216404,1403,0.56,0.77,0,10.64
2366,London4,85,79.6801780846961,779,0.56,0.77,0,10.65
2367,London4,77,185.816098599232,1323,0.56,0.77,0,10.64
2368,London4,75,94.74465669300172,326,0.56,0.77,2,10.64
2369,London4,85,110.194076640241,1149,0.56,0.77,0,10.61
2370,London4,85,31.2350723612276,917,0.56,0.77,0,10.65
2371,London4,85,329.387925189607,320,0.56,0.77,1,10.65
2372,London4,75,231.651753297274,439,0.56,0.77,2,10.64
2373,London4,85,95.76877681943121,1181,0.56,0.77,0,10.61
2374,London4,85,85.04593936906801,658,0.56,0.77,0,10.65
2375,London4,85,407.792064164422,242,0.56,0.77,2,10.65
2376,London4,77,219.510631181963,856,0.56,0.77,0,10.64
2377,London4,85,220.65063783208998,403,0.56,0.77,1,10.61
2378,London4,85,380.16208675529504,630,0.56,0.77,0,10.65
2379,London4,85,44.20855447219979,806,0.56,0.77,0,10.65
2380,London4,85,172.42647620014301,332,0.56,0.77,1,10.61
2381,London4,85,105.358249761276,1128,0.56,0.77,0,10.61
2382,London4,75,232.07822943238202,0,0.56,0.77,1,10.64
2383,London4,75,176.485122492619,254,0.56,0.77,1,10.64
2384,London4,85,73.5292953913273,945,0.56,0.77,0,10.65
2385,London4,75,554.405218107772,280,0.56,0.77,2,10.64
2386,London4,75,548.587126274696,277,0.56,0.77,2,10.64
2387,London4,85,330.06515106699,566,0.56,0.77,0,10.61
2388,London4,85,134.229922649522,873,0.56,0.77,0,10.61
2389,London4,85,542.725351577055,337,0.56,0.77,1,10.61
2390,London4,75,1160.97378275702,542,0.56,0.77,0,10.64
2391,London4,75,63.299783542148106,201,0.56,0.77,2,10.64
2392,London4,85,106.88235842764999,294,0.56,0.77,1,10.61
2393,London4,85,546.973637740131,175,0.56,0.77,1,10.65
2394,London4,77,225.024472510786,1351,0.56,0.77,0,10.64
2395,London4,85,111.74281686913099,278,0.56,0.77,1,10.61
2396,London4,77,614.1357523089499,1163,0.56,0.77,0,10.64
2397,London4,85,109.81255135720801,1145,0.56,0.77,0,10.61
2398,London4,85,283.695562856839,401,0.56,0.77,1,10.61
2399,London4,75,478.05712822197097,349,0.56,0.77,2,10.64
2400,London5,66,822.066261232547,481,0.55,0.76,1,10.76
2401,London5,79,962.528242068155,199,0.54,0.76,6,10.76
2402,London5,79,85.1449764055333,11,0.54,0.76,6,10.76
2403,London5,75,7711.59296481693,351,0.54,0.76,1,10.78
2404,London5,75,389.80792083775003,48,0.54,0.76,6,10.78
2405,London5,79,300.517001051436,37,0.54,0.76,6,10.76
2406,London5,75,82.2328142325561,178,0.54,0.76,2,10.78
2407,London5,79,289.602295883029,182,0.54,0.76,6,10.76
2408,London5,79,75.27199437482629,197,0.54,0.76,7,10.76
2409,London5,75,232.197199256334,263,0.54,0.76,2,10.78
2410,London5,79,68.2474334744701,760,0.54,0.76,0,10.76
2411,London5,75,2179.09993415503,204,0.54,0.76,5,10.78
2412,London5,79,150.51179747450502,578,0.54,0.76,0,10.76
2413,London5,75,236.614987128603,187,0.54,0.76,2,10.78
2414,London5,86,244.210664115163,616,0.55,0.76,0,10.78
2415,London5,75,8658.37881894027,591,0.54,0.76,0,10.78
2416,London5,79,79.6829993612626,39,0.54,0.76,7,10.76
2417,London5,86,414.196202797024,564,0.55,0.76,0,10.78
2418,London5,66,334.422624170138,533,0.55,0.76,0,10.76
2419,London5,72,379.070366320846,34,0.54,0.76,9,10.79
2420,London5,86,619.456137582685,283,0.55,0.76,1,10.78
2421,London5,66,401.489136891692,62,0.55,0.76,5,10.76
2422,London5,79,1250.344852647,144,0.54,0.76,6,10.76
2423,London5,79,35.549986840100296,8,0.54,0.76,7,10.76
2424,London5,72,159.86516006618498,376,0.54,0.76,5,10.79
2425,London5,66,98.5760478881457,566,0.55,0.76,0,10.76
2426,London5,75,479.140142155525,646,0.54,0.76,0,10.78
2427,London5,66,3024.26265052987,344,0.55,0.76,4,10.76
2428,London5,86,143.06950393673,572,0.55,0.76,0,10.78
2429,London5,72,232.31489956250098,445,0.54,0.76,3,10.79
2430,London5,79,142.212080628959,29,0.54,0.76,7,10.76
2431,London5,79,1287.5755793380802,103,0.54,0.76,7,10.76
2432,London5,79,72.3831351142093,764,0.54,0.76,0,10.76
2433,London5,86,31.641596496911202,562,0.55,0.76,0,10.78
2434,London5,66,347.066315449186,800,0.55,0.76,0,10.76
2435,London5,79,41.6044260782051,3,0.54,0.76,7,10.76
2436,London5,79,44.369308291220705,8,0.54,0.76,7,10.76
2437,London5,75,13.7528701737737,16,0.54,0.76,6,10.78
2438,London5,75,302.47902364895,303,0.54,0.76,2,10.78
2439,London5,79,41.013004225508396,30,0.54,0.76,6,10.76
2440,London5,79,126.486718241747,109,0.54,0.76,6,10.76
2441,London5,79,75.73137608715159,213,0.54,0.76,7,10.76
2442,London5,79,67.1917437426241,767,0.54,0.76,0,10.76
2443,London5,79,34.819362789942105,29,0.54,0.76,7,10.76
2444,London5,66,95.1660189288053,14,0.55,0.76,5,10.76
2445,London5,79,1467.05668389436,184,0.54,0.76,4,10.76
2446,London5,79,44.073599830398294,196,0.54,0.76,7,10.76
2447,London5,79,36.768911640583795,23,0.54,0.76,7,10.76
2448,London5,75,1010.40649651794,348,0.54,0.76,2,10.78
2449,London5,86,42.658939052778,529,0.55,0.76,0,10.78
2450,London5,86,196.61015230876598,576,0.55,0.76,0,10.78
2451,London5,66,73.630533641074,753,0.55,0.76,0,10.76
2452,London5,79,92.08607614395399,191,0.54,0.76,7,10.76
2453,London5,79,307.498352355826,173,0.54,0.76,6,10.76
2454,London5,66,88.83219895650129,566,0.55,0.76,0,10.76
2455,London5,86,91.32450570442249,522,0.55,0.76,0,10.78
2456,London5,79,548.7412800323281,218,0.54,0.76,6,10.76
2457,London5,86,3513.7946142722603,151,0.55,0.76,1,10.78
2458,London5,72,310.63075244625304,293,0.54,0.76,5,10.79
2459,London5,66,30.079850714723,562,0.55,0.76,0,10.76
2460,London5,79,44.4595647764499,165,0.54,0.76,7,10.76
2461,London5,66,338.002661103185,571,0.55,0.76,0,10.76
2462,London5,75,20673.2489440151,619,0.54,0.76,0,10.78
2463,London5,86,42.4731175262197,529,0.55,0.76,0,10.78
2464,London5,66,340.75423202495,714,0.55,0.76,0,10.76
2465,London5,79,133.931852311287,472,0.54,0.76,2,10.76
2466,London5,79,133.916116694668,50,0.54,0.76,7,10.76
2467,London5,66,1263.9748610475901,249,0.55,0.76,5,10.76
2468,London5,66,54.1509040952864,11,0.55,0.76,5,10.76
2469,London5,75,148.510282163359,329,0.54,0.76,2,10.78
2470,London5,79,148.303502446718,47,0.54,0.76,7,10.76
2471,London5,79,1558.22391716682,529,0.54,0.76,0,10.76
2472,London5,86,197.130282737047,597,0.55,0.76,0,10.78
2473,London5,75,281.974334040308,79,0.54,0.76,6,10.78
2474,London5,66,334.422304290692,509,0.55,0.76,0,10.76
2475,London5,79,9377.32679569037,134,0.54,0.76,7,10.76
2476,London5,79,71.71665345381659,770,0.54,0.76,0,10.76
2477,London5,79,42.4935023926272,16,0.54,0.76,7,10.76
2478,London5,79,428.903756681867,293,0.54,0.76,2,10.76
2479,London5,79,165.74403330536998,3,0.54,0.76,7,10.76
2480,London5,66,124.494319017812,590,0.55,0.76,0,10.76
2481,London5,79,79.8742903648776,175,0.54,0.76,7,10.76
2482,London5,79,242.99428912445597,337,0.54,0.76,1,10.76
2483,London5,79,246.67373156908198,100,0.54,0.76,6,10.76
2484,London5,86,12.2892802075138,231,0.55,0.76,1,10.78
2485,London5,86,830.0112440690519,208,0.55,0.76,1,10.78
2486,London5,79,161.148575231468,207,0.54,0.76,7,10.76
2487,London5,66,305.515197449454,749,0.55,0.76,0,10.76
2488,London5,79,860.156016328423,462,0.54,0.76,1,10.76
2489,London5,66,344.93754882164103,758,0.55,0.76,0,10.76
2490,London5,66,398.085312776331,578,0.55,0.76,0,10.76
2491,London5,79,204.821254999255,4,0.54,0.76,6,10.76
2492,London5,79,2114.1337933811,314,0.54,0.76,1,10.76
2493,London5,79,583.512496046686,78,0.54,0.76,7,10.76
2494,London5,79,1481.03575905383,76,0.54,0.76,7,10.76
2495,London5,79,41.775769949645294,181,0.54,0.76,7,10.76
2496,London5,79,45.8366039335801,15,0.54,0.76,7,10.76
2497,London5,86,503.34316874551905,536,0.55,0.76,0,10.78
2498,London5,66,56.6412764426754,564,0.55,0.76,0,10.76
2499,London5,86,220.93608531956198,590,0.55,0.76,0,10.78
2500,London6,73,1020.1056464882801,280,0.56,0.76,9,10.78
2501,London6,74,170.53295133541098,132,0.56,0.76,10,10.78
2502,London6,79,88.5881893769848,346,0.56,0.76,6,10.8
2503,London6,79,112.53654107725299,211,0.56,0.76,3,10.8
2504,London6,74,458.48111233454,207,0.56,0.76,15,10.78
2505,London6,74,176.11006297842,330,0.56,0.76,10,10.78
2506,London6,74,754.601497563275,255,0.56,0.76,9,10.78
2507,London6,87,178.10045143679798,128,0.56,0.76,16,10.78
2508,London6,73,762.679414145701,108,0.56,0.76,19,10.78
2509,London6,74,540.185992261069,176,0.56,0.76,14,10.78
2510,London6,75,180.95281773928397,211,0.56,0.76,7,10.77
2511,London6,74,207.65869813627899,42,0.56,0.76,9,10.78
2512,London6,74,2158.5923852226997,287,0.56,0.76,5,10.78
2513,London6,75,98.99787180299249,385,0.56,0.76,6,10.77
2514,London6,73,592.122320190081,188,0.56,0.76,28,10.78
2515,London6,87,606.1535110189791,66,0.56,0.76,24,10.78
2516,London6,77,246.04081609504,44,0.55,0.76,7,10.78
2517,London6,74,211.35943151364103,302,0.56,0.76,9,10.78
2518,London6,75,713.7749753688471,111,0.56,0.76,16,10.77
2519,London6,87,503.050352790498,246,0.56,0.76,23,10.78
2520,London6,79,270.100887962023,437,0.56,0.76,1,10.8
2521,London6,75,328.138406009331,247,0.56,0.76,13,10.77
2522,London6,74,52.73897090906689,80,0.56,0.76,2,10.78
2523,London6,79,611.977016737693,393,0.56,0.76,4,10.8
2524,London6,79,96.3596746476659,159,0.56,0.76,7,10.8
2525,London6,87,340.94274479938997,107,0.56,0.76,13,10.78
2526,London6,74,37.465555617392894,116,0.56,0.76,15,10.78
2527,London6,75,568.530548928937,267,0.56,0.76,16,10.77
2528,London6,74,47.621977856562395,155,0.56,0.76,16,10.78
2529,London6,74,101.06128972664499,165,0.56,0.76,14,10.78
2530,London6,74,605.984257855972,165,0.56,0.76,18,10.78
2531,London6,74,36.858691503803705,112,0.56,0.76,3,10.78
2532,London6,79,2261.0567672787197,136,0.56,0.76,7,10.8
2533,London6,79,251.611918931774,522,0.56,0.76,0,10.8
2534,London6,87,221.07164252483398,233,0.56,0.76,19,10.78
2535,London6,74,319.96626617378104,54,0.56,0.76,9,10.78
2536,London6,74,135.834457607338,201,0.56,0.76,6,10.78
2537,London6,87,83.0680220507915,221,0.56,0.76,16,10.78
2538,London6,79,1283.9678766297197,478,0.56,0.76,2,10.8
2539,London6,74,284.103905289856,42,0.56,0.76,2,10.78
2540,London6,73,394.698789282118,89,0.56,0.76,29,10.78
2541,London6,73,596.38806007877,123,0.56,0.76,18,10.78
2542,London6,74,303.22652779019796,85,0.56,0.76,2,10.78
2543,London6,87,347.494407813919,150,0.56,0.76,22,10.78
2544,London6,87,1110.12410766739,214,0.56,0.76,22,10.78
2545,London6,74,55.9113698107736,231,0.56,0.76,17,10.78
2546,London6,77,974.1506802366499,96,0.55,0.76,25,10.78
2547,London6,74,44.3208687387643,89,0.56,0.76,2,10.78
2548,London6,74,15.0975946255131,6,0.56,0.76,2,10.78
2549,London6,79,411.669141477557,91,0.56,0.76,5,10.8
2550,London6,75,764.8799170901849,135,0.56,0.76,20,10.77
2551,London6,77,334.651852456866,55,0.55,0.76,14,10.78
2552,London6,87,2028.54506717862,169,0.56,0.76,22,10.78
2553,London6,74,55.911323279212105,230,0.56,0.76,17,10.78
2554,London6,75,338.27691007386,142,0.56,0.76,3,10.77
2555,London6,75,360.42911152179903,243,0.56,0.76,16,10.77
2556,London6,74,55.860804242014396,237,0.56,0.76,16,10.78
2557,London6,87,141.841368429171,49,0.56,0.76,16,10.78
2558,London6,87,579.653230784977,171,0.56,0.76,22,10.78
2559,London6,87,232.30481037605801,114,0.56,0.76,19,10.78
2560,London6,87,185.21575725848302,129,0.56,0.76,12,10.78
2561,London6,74,120.912979424014,183,0.56,0.76,20,10.78
2562,London6,87,448.143276733401,77,0.56,0.76,17,10.78
2563,London6,73,149.053181694339,271,0.56,0.76,19,10.78
2564,London6,74,515.669865660253,328,0.56,0.76,2,10.78
2565,London6,79,321.066652571539,53,0.56,0.76,5,10.8
2566,London6,79,233.137856447725,91,0.56,0.76,2,10.8
2567,London6,77,81.2595649618185,326,0.55,0.76,7,10.78
2568,London6,74,115.850827739019,188,0.56,0.76,16,10.78
2569,London6,79,162.929360617291,387,0.56,0.76,4,10.8
2570,London6,87,124.832048945581,127,0.56,0.76,22,10.78
2571,London6,74,115.957115217232,92,0.56,0.76,2,10.78
2572,London6,87,295.4720768067,128,0.56,0.76,18,10.78
2573,London6,75,206.40508355751203,233,0.56,0.76,16,10.77
2574,London6,77,635.090302735534,150,0.55,0.76,13,10.78
2575,London6,74,308.068456279001,156,0.56,0.76,17,10.78
2576,London6,79,97.3385456737295,136,0.56,0.76,7,10.8
2577,London6,74,208.655445270957,229,0.56,0.76,10,10.78
2578,London6,75,1365.9604297860699,224,0.56,0.76,16,10.77
2579,London6,87,1620.03270124915,117,0.56,0.76,10,10.78
2580,London6,75,346.359844560221,96,0.56,0.76,15,10.77
2581,London6,75,5096.72405566905,166,0.56,0.76,29,10.77
2582,London6,74,54.25126653062839,2,0.56,0.76,2,10.78
2583,London6,73,4586.6822169809,83,0.56,0.76,15,10.78
2584,London6,74,600.9230954081099,62,0.56,0.76,15,10.78
2585,London6,87,425.219420499372,81,0.56,0.76,15,10.78
2586,London6,75,343.92447800311203,68,0.56,0.76,11,10.77
2587,London6,74,8.47690531191185,51,0.56,0.76,2,10.78
2588,London6,74,86.3632301518571,165,0.56,0.76,3,10.78
2589,London6,73,165.89727085385,174,0.56,0.76,17,10.78
2590,London6,74,235.157315733798,228,0.56,0.76,27,10.78
2591,London6,73,314.82397392404704,84,0.56,0.76,33,10.78
2592,London6,87,777.611012031011,5,0.56,0.76,14,10.78
2593,London6,87,43.1296673388741,35,0.56,0.76,21,10.78
2594,London6,74,48.159823953843606,138,0.56,0.76,14,10.78
2595,London6,79,740.987551849668,386,0.56,0.76,2,10.8
2596,London6,87,126.191721899848,43,0.56,0.76,14,10.78
2597,London6,75,195.660082460723,230,0.56,0.76,12,10.77
2598,London6,77,808.839004573918,57,0.55,0.76,20,10.78
2599,London6,73,639.93270873287,247,0.56,0.76,17,10.78
2600,London7,76,42.2216694913719,296,0.55,0.76,9,10.73
2601,London7,85,73.8301349977704,164,0.55,0.77,21,10.72
2602,London7,85,59.2744929502923,390,0.55,0.77,16,10.72
2603,London7,76,50.021086412264204,195,0.55,0.76,21,10.74
2604,London7,76,34.908260507487604,20,0.55,0.76,25,10.74
2605,London7,85,68.2755490860996,327,0.55,0.77,15,10.72
2606,London7,85,136.286734335143,106,0.55,0.77,20,10.72
2607,London7,77,2524.2381227348396,644,0.55,0.76,0,10.75
2608,London7,77,108.716215808863,390,0.55,0.76,14,10.75
2609,London7,77,53.425058116106,417,0.55,0.76,11,10.75
2610,London7,76,219.693286903022,357,0.55,0.76,17,10.74
2611,London7,85,182.99793144871003,39,0.55,0.77,16,10.72
2612,London7,76,148.022427497127,446,0.55,0.76,1,10.74
2613,London7,76,51.5056521189542,415,0.55,0.76,2,10.74
2614,London7,76,57.8793681603409,271,0.55,0.76,1,10.74
2615,London7,77,1461.28163301733,867,0.55,0.76,0,10.75
2616,London7,76,34.8507818836472,216,0.55,0.76,10,10.74
2617,London7,76,51.4490627026167,437,0.55,0.76,2,10.74
2618,London7,85,52.7107647274133,27,0.55,0.77,22,10.72
2619,London7,77,46.2734587406559,723,0.55,0.76,0,10.75
2620,London7,76,552.630689457692,377,0.55,0.76,1,10.74
2621,London7,76,73.3985616484875,116,0.55,0.76,1,10.74
2622,London7,76,56.0464922627567,300,0.55,0.76,22,10.74
2623,London7,85,37.6834323293758,207,0.55,0.77,20,10.72
2624,London7,76,94.5914892051779,372,0.55,0.76,2,10.74
2625,London7,77,65.85911511609329,366,0.55,0.76,11,10.75
2626,London7,76,32.736843542348105,178,0.55,0.76,11,10.74
2627,London7,76,36.9996437513741,352,0.55,0.76,1,10.73
2628,London7,76,64.8006236065792,153,0.55,0.76,7,10.74
2629,London7,76,77.27314558436291,312,0.55,0.76,2,10.74
2630,London7,85,72.29779476388529,149,0.55,0.77,21,10.72
2631,London7,77,364.837028452603,396,0.55,0.76,9,10.75
2632,London7,85,370.091940888758,145,0.55,0.77,18,10.72
2633,London7,76,66.8121452345707,53,0.55,0.76,21,10.74
2634,London7,76,69.2819781892054,128,0.55,0.76,25,10.74
2635,London7,76,66.00055366561361,206,0.55,0.76,2,10.74
2636,London7,85,61.6933167096166,92,0.55,0.77,20,10.72
2637,London7,76,36.477831976872004,234,0.55,0.76,3,10.74
2638,London7,85,83.43717993951199,146,0.55,0.77,21,10.72
2639,London7,76,38.797877114963,179,0.55,0.76,11,10.74
2640,London7,76,70.56142125857309,18,0.55,0.76,27,10.74
2641,London7,85,57.239621900309,10,0.55,0.77,20,10.72
2642,London7,85,90.58753238592381,13,0.55,0.77,19,10.72
2643,London7,76,49.515769259246,354,0.55,0.76,1,10.74
2644,London7,76,313.160255887731,248,0.55,0.76,1,10.73
2645,London7,76,55.769380897176,306,0.55,0.76,1,10.74
2646,London7,76,75.3766010911181,216,0.55,0.76,25,10.74
2647,London7,76,45.8164720782483,370,0.55,0.76,2,10.74
2648,London7,76,57.6613509467426,160,0.55,0.76,26,10.74
2649,London7,85,91.78558169918779,70,0.55,0.77,20,10.72
2650,London7,76,59.61652272441461,12,0.55,0.76,26,10.74
2651,London7,85,79.27990832276991,156,0.55,0.77,20,10.72
2652,London7,76,46.758153112557494,616,0.55,0.76,0,10.73
2653,London7,76,40.0850866974541,216,0.55,0.76,19,10.74
2654,London7,77,53.7379126864779,581,0.55,0.76,0,10.75
2655,London7,76,75.6666608746307,170,0.55,0.76,27,10.74
2656,London7,76,572.853862865651,131,0.55,0.76,1,10.74
2657,London7,76,176.77825624867802,396,0.55,0.76,13,10.73
2658,London7,76,707.995282713404,20,0.55,0.76,31,10.74
2659,London7,76,59.705936805435705,335,0.55,0.76,1,10.74
2660,London7,85,68.48280971707271,444,0.55,0.77,13,10.72
2661,London7,77,42.5944403790129,329,0.55,0.76,13,10.75
2662,London7,76,1525.4919579535401,423,0.55,0.76,15,10.74
2663,London7,76,32.8966437615481,375,0.55,0.76,2,10.74
2664,London7,76,65.0707756038426,211,0.55,0.76,3,10.74
2665,London7,76,61.20840935908689,459,0.55,0.76,1,10.73
2666,London7,85,60.0320655544788,107,0.55,0.77,20,10.72
2667,London7,76,21.4601352398358,348,0.55,0.76,22,10.74
2668,London7,76,549.7974587216851,84,0.55,0.76,15,10.73
2669,London7,76,58.1293580818754,201,0.55,0.76,25,10.74
2670,London7,85,64.0523898487058,25,0.55,0.77,21,10.72
2671,London7,76,333.508316188057,189,0.55,0.76,2,10.73
2672,London7,76,276.334733926253,203,0.55,0.76,1,10.74
2673,London7,76,39.5926023979222,388,0.55,0.76,2,10.74
2674,London7,76,1733.33723792546,490,0.55,0.76,1,10.73
2675,London7,76,59.080325240349104,97,0.55,0.76,12,10.74
2676,London7,76,66.9029824993878,277,0.55,0.76,21,10.74
2677,London7,85,123.52008735537301,118,0.55,0.77,17,10.72
2678,London7,76,57.3959752618818,241,0.55,0.76,1,10.74
2679,London7,76,76.4286098572724,7,0.55,0.76,27,10.74
2680,London7,85,608.189114243458,223,0.55,0.77,4,10.72
2681,London7,76,57.22813774529239,379,0.55,0.76,14,10.73
2682,London7,76,35.7542250690574,96,0.55,0.76,26,10.74
2683,London7,76,57.0551901085651,267,0.55,0.76,22,10.74
2684,London7,76,45.6460430284313,206,0.55,0.76,25,10.74
2685,London7,76,36.9201620607362,299,0.55,0.76,2,10.74
2686,London7,85,73.8232201019964,261,0.55,0.77,17,10.72
2687,London7,76,36.7103556355115,350,0.55,0.76,2,10.74
2688,London7,85,70.8415288487098,401,0.55,0.77,15,10.72
2689,London7,76,21.9059219675842,219,0.55,0.76,24,10.74
2690,London7,76,12.901522398080802,267,0.55,0.76,10,10.74
2691,London7,76,53.463864156209794,149,0.55,0.76,21,10.74
2692,London7,85,34.4076774037355,15,0.55,0.77,19,10.72
2693,London7,85,44.5299602417953,8,0.55,0.77,24,10.72
2694,London7,76,47.786646586851596,349,0.55,0.76,14,10.73
2695,London7,76,260.247717188724,246,0.55,0.76,23,10.74
2696,London7,85,120.37354932233801,10,0.55,0.77,24,10.72
2697,London7,76,37.4700387886052,445,0.55,0.76,2,10.74
2698,London7,76,44.137231225084705,468,0.55,0.76,1,10.73
2699,London7,77,63.7930080421451,606,0.55,0.76,0,10.75
2700,London8,79,69.2003989099699,804,0.55,0.76,0,10.77
2701,London8,66,347.066315449186,800,0.55,0.76,0,10.75
2702,London8,70,70.1505313504743,20,0.54,0.76,11,10.76
2703,London8,70,309.490484161673,250,0.54,0.76,4,10.76
2704,London8,72,379.070366320846,40,0.54,0.76,2,10.78
2705,London8,70,99.103356883044,78,0.54,0.76,13,10.76
2706,London8,72,310.63075244625304,293,0.54,0.76,5,10.78
2707,London8,66,73.630533641074,753,0.55,0.76,0,10.75
2708,London8,66,133.931852311287,472,0.55,0.76,2,10.75
2709,London8,66,66.0882926027289,757,0.55,0.76,0,10.75
2710,London8,70,126.486718241747,109,0.54,0.76,7,10.76
2711,London8,70,6215.88835337799,363,0.54,0.76,11,10.76
2712,London8,70,133.045126922514,81,0.54,0.76,12,10.76
2713,London8,66,1558.22391716682,529,0.55,0.76,0,10.75
2714,London8,70,58.38128573927089,16,0.54,0.76,14,10.76
2715,London8,79,503.34316874551905,940,0.55,0.76,0,10.77
2716,London8,66,334.422304290692,509,0.55,0.76,0,10.75
2717,London8,79,338.002661103185,638,0.55,0.76,0,10.77
2718,London8,72,82.2328142325561,178,0.54,0.76,2,10.78
2719,London8,72,236.614987128603,187,0.54,0.76,2,10.78
2720,London8,70,583.512496046686,78,0.54,0.76,13,10.76
2721,London8,70,300.517001051436,37,0.54,0.76,11,10.76
2722,London8,70,2125.85618599769,297,0.54,0.76,2,10.76
2723,London8,70,41.6044260782051,3,0.54,0.76,13,10.76
2724,London8,66,305.515197449454,749,0.55,0.76,0,10.75
2725,London8,79,30.079850714723,855,0.55,0.76,0,10.77
2726,London8,70,71.51756712068459,11,0.54,0.76,13,10.76
2727,London8,70,94.3376414606181,69,0.54,0.76,13,10.76
2728,London8,66,65.7279142158288,762,0.55,0.76,0,10.75
2729,London8,70,99.69243333765041,35,0.54,0.76,13,10.76
2730,London8,70,95.4263334893105,47,0.54,0.76,13,10.76
2731,London8,70,323.472523943308,484,0.54,0.76,4,10.76
2732,London8,70,104.618260165443,5,0.54,0.76,5,10.76
2733,London8,70,70.67253480552941,69,0.54,0.76,12,10.76
2734,London8,70,312.17976318339,130,0.54,0.76,8,10.76
2735,London8,66,334.422624170138,533,0.55,0.76,0,10.75
2736,London8,70,41.3976488699839,23,0.54,0.76,13,10.76
2737,London8,86,423.325341926764,560,0.54,0.76,0,10.78
2738,London8,72,3024.26265052987,344,0.54,0.76,4,10.78
2739,London8,72,389.80792083775003,48,0.54,0.76,6,10.78
2740,London8,70,343.81528467251405,92,0.54,0.76,8,10.76
2741,London8,70,1296.3628021089999,258,0.54,0.76,10,10.76
2742,London8,70,148.303502446718,47,0.54,0.76,13,10.76
2743,London8,70,309.43230936452596,352,0.54,0.76,7,10.76
2744,London8,70,51.9192743611718,87,0.54,0.76,13,10.76
2745,London8,70,60.37725039120811,5,0.54,0.76,13,10.76
2746,London8,66,68.5356067382508,773,0.55,0.76,0,10.75
2747,London8,70,66.77007715305821,46,0.54,0.76,13,10.76
2748,London8,70,81.5877951810682,124,0.54,0.76,4,10.76
2749,London8,70,35.549986840100296,8,0.54,0.76,13,10.76
2750,London8,70,103.78594719933001,88,0.54,0.76,6,10.76
2751,London8,70,101.128858407885,44,0.54,0.76,13,10.76
2752,London8,70,100.585201370095,9,0.54,0.76,13,10.76
2753,London8,66,291.281340614065,174,0.55,0.76,5,10.75
2754,London8,70,117.497169437379,18,0.54,0.76,13,10.76
2755,London8,70,85.1449764055333,11,0.54,0.76,11,10.76
2756,London8,79,143.06950393673,961,0.55,0.76,0,10.77
2757,London8,70,38.8044051476647,7,0.54,0.76,14,10.76
2758,London8,79,98.5760478881457,828,0.55,0.76,0,10.77
2759,London8,79,31.641596496911202,861,0.55,0.76,0,10.77
2760,London8,70,41.013004225508396,30,0.54,0.76,11,10.76
2761,London8,66,67.1917437426241,767,0.55,0.76,0,10.75
2762,London8,70,79.6829993612626,39,0.54,0.76,13,10.76
2763,London8,66,401.489136891692,62,0.55,0.76,5,10.75
2764,London8,79,344.93754882164103,1097,0.55,0.76,0,10.77
2765,London8,72,2179.09993415503,204,0.54,0.76,5,10.78
2766,London8,70,2259.25804083005,121,0.54,0.76,12,10.76
2767,London8,70,179.951360811984,146,0.54,0.76,9,10.76
2768,London8,70,204.821254999255,4,0.54,0.76,11,10.76
2769,London8,79,53.944993590911395,847,0.55,0.76,0,10.77
2770,London8,66,91.8546771823908,11,0.55,0.76,5,10.75
2771,London8,70,75.73137608715159,47,0.54,0.76,13,10.76
2772,London8,66,428.903756681867,293,0.55,0.76,2,10.75
2773,London8,70,9377.32679569037,134,0.54,0.76,13,10.76
2774,London8,79,42.4731175262197,879,0.55,0.76,0,10.77
2775,London8,70,70.68643332632159,30,0.54,0.76,14,10.76
2776,London8,79,12.2892802075138,996,0.55,0.76,0,10.77
2777,London8,66,68.2474334744701,760,0.55,0.76,0,10.75
2778,London8,70,75.7121242471225,59,0.54,0.76,13,10.76
2779,London8,70,1250.344852647,144,0.54,0.76,7,10.76
2780,London8,70,73.2237409513644,7,0.54,0.76,14,10.76
2781,London8,66,1263.9748610475901,249,0.55,0.76,5,10.75
2782,London8,70,1287.5755793380802,103,0.54,0.76,13,10.76
2783,London8,70,56.616043955694295,101,0.54,0.76,6,10.76
2784,London8,79,830.0112440690519,1030,0.55,0.76,0,10.77
2785,London8,72,13.7528701737737,16,0.54,0.76,6,10.78
2786,London8,66,48.2767433817976,17,0.55,0.76,5,10.75
2787,London8,70,144.790731410986,62,0.54,0.76,6,10.76
2788,London8,66,95.1660189288053,14,0.55,0.76,5,10.75
2789,London8,72,281.974334040308,79,0.54,0.76,6,10.78
2790,London8,70,75.27199437482629,39,0.54,0.76,13,10.76
2791,London8,79,91.32450570442249,872,0.55,0.76,0,10.77
2792,London8,66,71.71665345381659,770,0.55,0.76,0,10.75
2793,London8,70,36.768911640583795,23,0.54,0.76,13,10.76
2794,London8,70,71.2649645671588,17,0.54,0.76,13,10.76
2795,London8,70,58.4927813519808,76,0.54,0.76,12,10.76
2796,London8,70,165.74403330536998,3,0.54,0.76,13,10.76
2797,London8,70,309.480687004849,298,0.54,0.76,4,10.76
2798,London8,79,124.494319017812,590,0.55,0.76,0,10.77
2799,London8,70,82.82552679372809,54,0.54,0.76,13,10.76
2800,London9,85,63.2348227030061,1882,0.53,0.77,0,10.72
2801,London9,69,1863.78090367452,1049,0.53,0.77,0,10.67
2802,London9,73,655.875142061789,39,0.53,0.77,6,10.66
2803,London9,85,1117.98089263768,1928,0.53,0.77,0,10.72
2804,London9,73,817.88944850655,26,0.53,0.77,5,10.66
2805,London9,85,43.6949760309437,251,0.53,0.78,1,10.39
2806,London9,73,724.7847350554041,302,0.53,0.77,6,10.66
2807,London9,85,102.80788945599701,1019,0.53,0.79,0,10.33
2808,London9,73,3526.97723354541,148,0.53,0.77,4,10.66
2809,London9,85,187.82309516167197,396,0.53,0.78,1,10.39
2810,London9,85,51.292110069597705,659,0.53,0.78,0,10.5
2811,London9,85,134.23962370543302,424,0.53,0.78,1,10.39
2812,London9,85,131.072639162892,2008,0.53,0.77,0,10.72
2813,London9,85,3152.64798583544,2333,0.53,0.77,0,10.72
2814,London9,69,365.08010605824995,793,0.53,0.77,0,10.67
2815,London9,69,367.098646217172,1588,0.53,0.77,0,10.67
2816,London9,80,2256.0314193958397,42,0.53,0.77,5,10.63
2817,London9,73,86.9654387785169,109,0.53,0.77,6,10.66
2818,London9,85,271.998118957111,1015,0.53,0.79,0,10.33
2819,London9,69,115.734747347625,1077,0.53,0.77,0,10.67
2820,London9,80,2949.68096250592,578,0.53,0.77,0,10.63
2821,London9,69,109.282346599537,1265,0.53,0.77,0,10.67
2822,London9,85,114.03638883171001,1016,0.53,0.79,0,10.33
2823,London9,85,268.726393417725,1098,0.53,0.79,0,10.33
2824,London9,85,325.669991487382,1100,0.53,0.79,0,10.33
2825,London9,73,194.936035093812,138,0.53,0.77,3,10.66
2826,London9,85,3677.37511750276,2658,0.53,0.77,0,10.72
2827,London9,85,6293.63450883449,2048,0.53,0.77,0,10.72
2828,London9,85,80.1994765627018,1352,0.53,0.79,0,10.33
2829,London9,73,1869.1773502693698,218,0.53,0.77,4,10.66
2830,London9,69,165.21541108120002,1611,0.53,0.77,0,10.67
2831,London9,69,92.9351522402813,1634,0.53,0.77,0,10.67
2832,London9,69,90.20011646159641,1229,0.53,0.77,0,10.67
2833,London9,80,3265.50053056453,126,0.53,0.77,4,10.63
2834,London9,85,68.4102644281082,298,0.53,0.78,1,10.39
2835,London9,85,946.545001200199,1384,0.53,0.79,0,10.33
2836,London9,85,110.329612739264,1381,0.53,0.79,0,10.33
2837,London9,73,529.006140652536,294,0.53,0.77,3,10.66
2838,London9,69,2307.47882648604,686,0.53,0.77,0,10.67
2839,London9,69,3435.86233295467,733,0.53,0.77,0,10.67
2840,London9,73,419.627362176999,269,0.53,0.77,3,10.66
2841,London9,80,632.521426156573,146,0.53,0.77,3,10.63
2842,London9,85,91.47935303116579,1175,0.53,0.79,0,10.33
2843,London9,85,702.3560385264619,2339,0.53,0.77,0,10.72
2844,London9,73,1187.8884577340302,40,0.53,0.77,4,10.66
2845,London9,85,105.557542399624,1097,0.53,0.79,0,10.33
2846,London9,73,561.9286685222261,150,0.53,0.77,6,10.66
2847,London9,80,864.073230620858,647,0.53,0.77,0,10.63
2848,London9,85,84.24799842268479,1230,0.53,0.79,0,10.33
2849,London9,86,41.9369697898855,1680,0.53,0.78,0,10.42
2850,London9,69,2345.5993260586397,1499,0.53,0.77,0,10.67
2851,London9,73,2817.0345885363695,479,0.53,0.77,2,10.66
2852,London9,85,53.604038604368704,1435,0.53,0.79,0,10.33
2853,London9,85,785.158283454409,1217,0.53,0.79,0,10.33
2854,London9,80,3476.2706863361896,325,0.53,0.77,4,10.63
2855,London9,80,322.966828167942,230,0.53,0.77,3,10.63
2856,London9,85,117.727506190744,2246,0.53,0.77,0,10.72
2857,London9,69,299.52014628991697,669,0.53,0.77,0,10.67
2858,London9,73,3459.7109099407103,544,0.53,0.77,0,10.66
2859,London9,85,228.932034033015,401,0.53,0.78,1,10.39
2860,London9,85,1239.7176175654402,2527,0.53,0.77,0,10.72
2861,London9,73,1801.5033610483301,80,0.53,0.77,7,10.66
2862,London9,85,123.00568146589599,1061,0.53,0.79,0,10.33
2863,London9,69,105.090193952803,1185,0.53,0.77,0,10.67
2864,London9,85,152.402126806685,1101,0.53,0.79,0,10.33
2865,London9,73,2392.4625140334697,135,0.53,0.77,4,10.66
2866,London9,85,545.041035968806,1149,0.53,0.79,0,10.33
2867,London9,85,520.51580345929,973,0.53,0.79,0,10.33
2868,London9,69,2622.1002941872002,922,0.53,0.77,0,10.67
2869,London9,69,485.20118544421797,867,0.53,0.77,0,10.67
2870,London9,85,45.8006234933325,679,0.53,0.78,0,10.5
2871,London9,85,1465.0605474893698,2395,0.53,0.77,0,10.72
2872,London9,69,1118.58800135845,1074,0.53,0.77,0,10.67
2873,London9,69,45.4122381618086,1273,0.53,0.77,0,10.67
2874,London9,69,165.91365289221,1269,0.53,0.77,0,10.67
2875,London9,85,62.610334504008996,2161,0.53,0.77,0,10.72
2876,London9,80,10695.5489680541,869,0.53,0.77,0,10.63
2877,London9,80,652.8726297689219,131,0.53,0.77,5,10.63
2878,London9,85,2770.7279299062798,1770,0.53,0.77,0,10.72
2879,London9,69,905.637891790087,951,0.53,0.77,0,10.67
2880,London9,85,86.10129917105509,1210,0.53,0.79,0,10.33
2881,London9,69,160.650052297373,1078,0.53,0.77,0,10.67
2882,London9,69,807.661753207378,1051,0.53,0.77,0,10.67
2883,London9,85,264.733079418745,1027,0.53,0.78,0,10.5
2884,London9,86,41.9268766094737,1694,0.53,0.78,0,10.42
2885,London9,85,214.689313226025,1028,0.53,0.79,0,10.33
2886,London9,85,254.22711331914797,616,0.53,0.78,0,10.39
2887,London9,73,191.987003880737,201,0.53,0.77,6,10.66
2888,London9,85,1129.3557598504801,1156,0.53,0.79,0,10.33
2889,London9,73,3220.5089267295198,510,0.53,0.77,0,10.66
2890,London9,73,590.362757722429,244,0.53,0.77,8,10.66
2891,London9,80,261.29614049897003,174,0.53,0.77,4,10.63
2892,London9,85,54.52535245028271,968,0.53,0.78,0,10.5
2893,London9,85,51.389657904428304,687,0.53,0.78,0,10.5
2894,London9,69,250.455251687987,1142,0.53,0.77,0,10.67
2895,London9,80,250.353771821402,33,0.53,0.77,3,10.63
2896,London9,85,354.145089822689,1810,0.53,0.77,0,10.72
2897,London9,69,1264.06961804922,1107,0.53,0.77,0,10.67
2898,London9,86,41.9635260573693,1665,0.53,0.78,0,10.42
2899,London9,85,482.074272135544,1565,0.53,0.77,0,10.72
2900,London10,85,52.069606297051,733,0.55,0.77,0,10.72
2901,London10,74,38.8091555077796,93,0.53,0.77,2,10.64
2902,London10,86,47.17235817560721,445,0.53,0.77,1,10.62
2903,London10,86,39.6399324524089,616,0.53,0.77,0,10.62
2904,London10,85,115.371725819422,598,0.55,0.77,0,10.72
2905,London10,86,766.64491470767,530,0.53,0.77,0,10.62
2906,London10,85,43.7177562788786,652,0.55,0.77,0,10.72
2907,London10,79,79.3809692196176,729,0.55,0.77,0,10.66
2908,London10,85,38.2225956395938,956,0.55,0.77,0,10.72
2909,London10,85,54.4554112050461,861,0.55,0.77,0,10.72
2910,London10,74,78.0749498837607,100,0.53,0.77,2,10.64
2911,London10,79,75.28158670091099,489,0.55,0.77,1,10.66
2912,London10,73,88.0348102630813,694,0.55,0.77,0,10.67
2913,London10,86,33.1244929305439,408,0.53,0.77,1,10.62
2914,London10,84,42.0117794158101,359,0.55,0.77,10,10.74
2915,London10,74,58.569989980848206,266,0.53,0.77,2,10.64
2916,London10,74,43.901450163402394,239,0.53,0.77,2,10.64
2917,London10,79,79.522110651611,57,0.55,0.77,2,10.66
2918,London10,86,207.10393738675302,597,0.53,0.77,0,10.62
2919,London10,74,24.070307687737603,166,0.53,0.77,1,10.64
2920,London10,74,58.9081853985415,140,0.53,0.77,2,10.64
2921,London10,74,58.100421553752206,331,0.53,0.77,1,10.65
2922,London10,86,38.3918257184065,554,0.53,0.77,0,10.62
2923,London10,74,81.34501567406241,310,0.53,0.77,2,10.64
2924,London10,85,57.6679567074664,784,0.55,0.77,0,10.72
2925,London10,74,116.344001136217,95,0.53,0.77,1,10.65
2926,London10,74,7.5070526619549,280,0.53,0.77,2,10.64
2927,London10,86,276.460485042275,978,0.53,0.77,0,10.62
2928,London10,86,59.67706712483729,255,0.53,0.77,1,10.62
2929,London10,74,82.68017428566891,403,0.53,0.77,1,10.65
2930,London10,74,63.7654497700185,187,0.53,0.77,2,10.64
2931,London10,85,84.0777180782398,995,0.55,0.77,0,10.72
2932,London10,84,60.312495285569106,148,0.55,0.77,7,10.74
2933,London10,84,48.219679418088205,514,0.55,0.77,0,10.74
2934,London10,74,62.6270881188752,401,0.53,0.77,1,10.64
2935,London10,79,133.351159635871,582,0.55,0.77,0,10.66
2936,London10,79,64.5703527418888,877,0.55,0.77,0,10.66
2937,London10,85,52.111981699712295,644,0.55,0.77,0,10.72
2938,London10,86,53.999696339923496,1395,0.55,0.77,0,10.61
2939,London10,85,60.79861755860829,526,0.55,0.77,0,10.72
2940,London10,85,63.6045297758047,581,0.55,0.77,0,10.72
2941,London10,74,75.2609237310983,278,0.53,0.77,2,10.65
2942,London10,79,1066.76597346838,154,0.55,0.77,3,10.66
2943,London10,84,109.43057351509,363,0.55,0.77,10,10.74
2944,London10,85,92.5023510838387,700,0.55,0.77,0,10.72
2945,London10,74,58.3738934174901,184,0.53,0.77,3,10.64
2946,London10,85,69.01536637015161,1005,0.55,0.77,0,10.72
2947,London10,74,75.5130033036452,134,0.53,0.77,2,10.64
2948,London10,74,54.7430560011734,161,0.53,0.77,2,10.64
2949,London10,84,159.32875287149,163,0.55,0.77,7,10.74
2950,London10,86,190.18327473235803,633,0.53,0.77,0,10.62
2951,London10,74,68.3593152647816,66,0.53,0.77,1,10.65
2952,London10,85,43.744102903666295,922,0.55,0.77,0,10.72
2953,London10,74,55.5578474994123,299,0.53,0.77,2,10.64
2954,London10,86,33.083773792993895,412,0.53,0.77,1,10.62
2955,London10,79,192.200042199398,257,0.55,0.77,3,10.66
2956,London10,86,40.3361442449214,962,0.53,0.77,0,10.62
2957,London10,84,40.344173663218896,258,0.55,0.77,3,10.74
2958,London10,85,70.2649187223023,854,0.55,0.77,0,10.72
2959,London10,74,84.3988984532261,284,0.53,0.77,2,10.65
2960,London10,85,59.568134500051,898,0.55,0.77,0,10.72
2961,London10,85,35.21431673231721,363,0.55,0.77,5,10.72
2962,London10,74,44.7584305139709,310,0.53,0.77,2,10.64
2963,London10,74,62.00446530973699,533,0.53,0.77,0,10.64
2964,London10,84,69.0903478597661,112,0.55,0.77,3,10.74
2965,London10,85,69.6617502593247,482,0.55,0.77,1,10.72
2966,London10,84,163.514004395493,357,0.55,0.77,10,10.74
2967,London10,85,63.9892753273894,584,0.55,0.77,0,10.72
2968,London10,74,65.20452424211061,382,0.53,0.77,1,10.65
2969,London10,84,39.3674767658814,19,0.55,0.77,7,10.74
2970,London10,79,41.2266484282161,337,0.55,0.77,2,10.66
2971,London10,79,60.5817246041454,867,0.55,0.77,0,10.66
2972,London10,79,1105.03308509805,239,0.55,0.77,3,10.66
2973,London10,86,337.804101017767,718,0.53,0.77,0,10.62
2974,London10,79,353.396902655838,837,0.55,0.77,0,10.66
2975,London10,85,65.5426397296648,585,0.55,0.77,0,10.72
2976,London10,84,162.667568400709,171,0.55,0.77,7,10.74
2977,London10,79,121.79657247944999,597,0.55,0.77,0,10.66
2978,London10,74,51.25413391468351,316,0.53,0.77,3,10.65
2979,London10,79,135.025554814289,393,0.55,0.77,3,10.66
2980,London10,74,58.342071893877495,241,0.53,0.77,2,10.64
2981,London10,74,52.8384466962055,568,0.53,0.77,0,10.64
2982,London10,85,66.95423071047689,592,0.55,0.77,0,10.72
2983,London10,85,35.7734347975695,624,0.55,0.77,0,10.72
2984,London10,74,67.28569562452,305,0.53,0.77,2,10.65
2985,London10,86,109.49420222654,1373,0.55,0.77,0,10.61
2986,London10,74,37.72255503954089,354,0.53,0.77,1,10.64
2987,London10,74,55.237991298909996,511,0.53,0.77,0,10.64
2988,London10,84,65.45469987188129,536,0.55,0.77,0,10.74
2989,London10,84,51.4735320094145,187,0.55,0.77,3,10.74
2990,London10,85,57.43121868767611,765,0.55,0.77,0,10.72
2991,London10,85,51.0933578791417,554,0.55,0.77,0,10.72
2992,London10,84,44.8086878267055,280,0.55,0.77,7,10.74
2993,London10,79,672.776750497013,587,0.55,0.77,0,10.66
2994,London10,74,56.88404775596129,518,0.53,0.77,0,10.64
2995,London10,86,271.309713989733,927,0.53,0.77,0,10.62
2996,London10,79,111.949619830259,676,0.55,0.77,0,10.66
2997,London10,84,39.863854859754206,374,0.55,0.77,3,10.74
2998,London10,74,67.0371763121657,208,0.53,0.77,2,10.65
2999,London10,85,58.2235116174617,845,0.55,0.77,0,10.72
