,Unnamed: 0,Unnamed: 0.1,bbox_id,air_quality,area,closest_shop,cloud_cover,humidity,shops_amount,temperature,inappropriate_type,flat_roof,gabled_roof,round_roof
0,0,1000,Stockholm1,78,116.461632841702,1852,0.59,0.78,0,7.45,0,0,0,0
1,1,1001,Stockholm1,78,503.96315710867896,2305,0.59,0.78,0,7.48,0,1,0,0
2,2,1002,Stockholm1,78,103.95491869207,1178,0.59,0.78,0,7.45,0,0,0,0
3,3,1003,Stockholm1,78,150.327012546049,871,0.59,0.78,0,7.47,0,0,0,0
4,4,1004,Stockholm1,78,30.9467748266961,1695,0.59,0.78,0,7.45,0,0,0,0
5,5,1005,Stockholm1,78,126.554103270847,1377,0.59,0.78,0,7.45,0,0,0,0
6,6,1006,Stockholm1,78,341.63735266296004,3109,0.59,0.78,0,7.46,0,0,0,0
7,7,1007,Stockholm1,78,89.1493500762944,2172,0.59,0.78,0,7.43,0,0,0,0
8,8,1008,Stockholm1,78,22.139201076052107,1360,0.59,0.78,0,7.43,0,0,0,0
9,9,1009,Stockholm1,78,33.661990818885,1878,0.59,0.78,0,7.43,0,0,0,0
10,10,1010,Stockholm1,78,94.1950050523777,688,0.59,0.78,0,7.47,0,0,0,0
11,11,1011,Stockholm1,78,90.96614906807079,2414,0.59,0.78,0,7.43,0,1,0,0
12,12,1012,Stockholm1,78,94.2953447377771,1553,0.59,0.78,0,7.43,0,0,0,0
13,13,1013,Stockholm1,78,128.725565161694,1693,0.59,0.78,0,7.43,0,0,0,0
14,14,1014,Stockholm1,78,10.9281453047163,1324,0.59,0.78,0,7.45,0,0,0,0
15,15,1015,Stockholm1,78,71.4707927222699,833,0.59,0.78,0,7.45,0,0,0,0
16,16,1016,Stockholm1,78,153.114119683978,1519,0.59,0.78,0,7.45,0,0,0,0
17,17,1017,Stockholm1,78,27.149078255429,1756,0.59,0.78,0,7.43,0,0,0,0
18,18,1018,Stockholm1,78,82.63805045861,1333,0.59,0.78,0,7.45,0,1,0,0
19,19,1019,Stockholm1,78,77.38564922855,1408,0.59,0.78,0,7.45,0,0,0,0
20,20,1020,Stockholm1,78,174.79989151241,1186,0.59,0.78,0,7.45,1,0,0,0
21,21,1021,Stockholm1,78,93.7490389999835,739,0.59,0.78,0,7.47,0,0,0,0
22,22,1022,Stockholm1,78,90.96674296598827,2345,0.59,0.78,0,7.43,0,0,0,1
23,23,1023,Stockholm1,78,114.458398780822,2056,0.59,0.78,0,7.43,0,0,0,0
24,24,1024,Stockholm1,78,36.7874160732225,1598,0.59,0.78,0,7.43,0,0,0,0
25,25,1025,Stockholm1,78,109.953721872143,1305,0.59,0.78,0,7.45,0,1,0,0
26,26,1026,Stockholm1,78,98.6839465452133,1822,0.59,0.78,0,7.43,0,0,0,0
27,27,1027,Stockholm1,78,85.988259709685,1577,0.59,0.78,0,7.43,0,0,0,0
28,28,1028,Stockholm1,78,79.79619027211291,517,0.59,0.78,0,7.47,0,0,0,0
29,29,1029,Stockholm1,78,944.4229045864888,2876,0.59,0.78,0,7.46,0,1,0,0
30,30,1030,Stockholm1,78,151.197332160217,1136,0.59,0.78,0,7.45,0,0,0,0
31,31,1031,Stockholm1,78,132.47080678680402,2310,0.59,0.78,0,7.48,0,0,0,0
32,32,1032,Stockholm1,78,100.77325961719102,720,0.59,0.78,0,7.47,0,0,0,0
33,33,1033,Stockholm1,78,31.75660354609669,1868,0.59,0.78,0,7.43,0,0,0,0
34,34,1034,Stockholm1,78,63.7654371175058,838,0.59,0.78,0,7.45,0,0,0,0
35,35,1035,Stockholm1,78,134.044261555583,2160,0.59,0.78,0,7.48,0,0,0,0
36,36,1036,Stockholm1,78,16.874065331019402,719,0.59,0.78,0,7.45,0,0,0,0
37,37,1037,Stockholm1,78,164.761148143513,935,0.59,0.78,0,7.47,0,0,0,0
38,38,1038,Stockholm1,78,392.66926115874605,1822,0.59,0.78,0,7.48,0,0,0,0
39,39,1039,Stockholm1,78,79.6873284390213,1927,0.59,0.78,0,7.43,0,0,0,0
40,40,1040,Stockholm1,78,100.784276917906,1843,0.59,0.78,0,7.45,0,0,1,0
41,41,1041,Stockholm1,78,1630.53176024771,2617,0.59,0.78,0,7.46,0,0,0,0
42,42,1042,Stockholm1,78,25.352046638966602,595,0.59,0.78,0,7.47,0,0,0,0
43,43,1043,Stockholm1,78,130.426501251084,1454,0.59,0.78,0,7.45,0,0,0,0
44,44,1044,Stockholm1,78,15.739808281943901,1585,0.59,0.78,0,7.43,0,0,0,0
45,45,1045,Stockholm1,78,92.5085852369211,458,0.59,0.78,1,7.47,0,0,0,0
46,46,1046,Stockholm1,78,1353.86365499237,2708,0.59,0.78,0,7.48,0,0,0,0
47,47,1047,Stockholm1,78,97.09900262574007,1566,0.59,0.78,0,7.43,0,0,0,0
48,48,1048,Stockholm1,78,327.78815599689,742,0.59,0.78,0,7.47,0,0,0,0
49,49,1049,Stockholm1,78,70.6092931822522,1205,0.59,0.78,0,7.45,0,0,0,0
50,50,1050,Stockholm1,78,97.7082899426257,1630,0.59,0.78,0,7.43,0,0,0,0
51,51,1051,Stockholm1,78,87.3198226441595,1895,0.59,0.78,0,7.43,0,0,0,0
52,52,1052,Stockholm1,78,127.30420487495701,559,0.59,0.78,0,7.47,1,0,0,0
53,53,1053,Stockholm1,78,1285.9016650797698,752,0.59,0.78,0,7.45,0,0,0,0
54,54,1054,Stockholm1,78,42.739484881706,1721,0.59,0.78,0,7.43,0,0,0,0
55,55,1055,Stockholm1,78,105.06024136460199,1212,0.59,0.78,0,7.45,0,1,0,0
56,56,1056,Stockholm1,78,95.0706920345569,1250,0.59,0.78,0,7.45,0,0,0,0
57,57,1057,Stockholm1,78,167.458239540938,787,0.59,0.78,0,7.45,0,1,0,0
58,58,1058,Stockholm1,78,89.07317405152041,1677,0.59,0.78,0,7.43,0,0,0,0
59,59,1059,Stockholm1,78,11.026739474049,2037,0.59,0.78,0,7.43,0,0,0,0
60,60,1060,Stockholm1,78,83.779049907872,906,0.59,0.78,0,7.45,0,0,0,0
61,61,1061,Stockholm1,78,129.234933303517,2809,0.59,0.78,0,7.48,0,0,0,0
62,62,1062,Stockholm1,78,5.58493155990007,803,0.59,0.78,0,7.45,0,0,0,0
63,63,1063,Stockholm1,78,101.793981895765,634,0.59,0.78,0,7.47,0,0,0,0
64,64,1064,Stockholm1,78,22.6811601239434,1813,0.59,0.78,0,7.43,0,0,0,0
65,65,1065,Stockholm1,78,99.5230485741518,1312,0.59,0.78,0,7.43,0,0,0,0
66,66,1066,Stockholm1,78,153.568708479432,2466,0.59,0.78,0,7.48,0,0,0,0
67,67,1067,Stockholm1,78,13.5060388202183,1954,0.59,0.78,0,7.43,0,0,0,0
68,68,1068,Stockholm1,78,134.135370388771,2336,0.59,0.78,0,7.48,0,0,0,0
69,69,1069,Stockholm1,78,66.0738360257047,2144,0.59,0.78,0,7.43,0,0,0,0
70,70,1070,Stockholm1,78,123.39382288535,1390,0.59,0.78,0,7.45,0,0,0,0
71,71,1071,Stockholm1,78,101.35779358464501,1375,0.59,0.78,0,7.48,0,0,0,0
72,72,1072,Stockholm1,78,80.45457625359859,2300,0.59,0.78,0,7.43,0,0,0,0
73,73,1073,Stockholm1,78,55.140627115023406,1745,0.59,0.78,0,7.45,0,0,0,0
74,74,1074,Stockholm1,78,145.186597610604,2677,0.59,0.78,0,7.48,0,1,0,0
75,75,1075,Stockholm1,78,129.41547526656,2223,0.59,0.78,0,7.43,0,0,0,0
76,76,1076,Stockholm1,78,100.266413544872,1012,0.59,0.78,0,7.45,0,0,0,0
77,77,1077,Stockholm1,78,70.956931298644,1783,0.59,0.78,0,7.48,0,0,0,1
78,78,1078,Stockholm1,78,27.7202382117782,2088,0.59,0.78,0,7.43,0,0,0,0
79,79,1079,Stockholm1,78,106.542347693449,2143,0.59,0.78,0,7.43,0,0,0,0
80,80,1080,Stockholm1,78,39.621742943828295,1856,0.59,0.78,0,7.43,0,0,0,0
81,81,1081,Stockholm1,78,822.541401011973,262,0.59,0.78,1,7.47,0,0,0,0
82,82,1082,Stockholm1,78,30.6872667192198,1676,0.59,0.78,0,7.43,0,0,0,0
83,83,1083,Stockholm1,78,3229.09606252807,2445,0.59,0.78,0,7.43,0,0,0,0
84,84,1084,Stockholm1,78,65.9958891497237,923,0.59,0.78,0,7.45,0,1,0,0
85,85,1085,Stockholm1,78,129.688907781196,827,0.59,0.78,0,7.45,0,0,0,0
86,86,1086,Stockholm1,78,169.88380435431299,2247,0.59,0.78,0,7.43,1,0,0,0
87,87,1087,Stockholm1,78,115.455200257528,2030,0.59,0.78,0,7.43,0,0,0,0
88,88,1088,Stockholm1,78,107.527738015586,1961,0.59,0.78,0,7.45,0,0,0,0
89,89,1089,Stockholm1,78,27.663480615777697,1732,0.59,0.78,0,7.45,0,0,0,1
90,90,1090,Stockholm1,78,118.517689473782,1086,0.59,0.78,0,7.45,0,0,0,0
91,91,1091,Stockholm1,78,115.67493256467199,696,0.59,0.78,0,7.47,0,0,0,0
92,92,1092,Stockholm1,78,29.8124110540072,1717,0.59,0.78,0,7.43,0,0,0,0
93,93,1093,Stockholm1,78,847.075496098275,2869,0.59,0.78,0,7.46,0,0,0,0
94,94,1094,Stockholm1,78,3434.3062989484997,880,0.59,0.78,0,7.47,0,0,0,0
95,95,1095,Stockholm1,78,651.946575325604,1535,0.59,0.78,0,7.45,0,1,0,0
96,96,1096,Stockholm1,78,103.41454873608299,615,0.59,0.78,0,7.47,0,0,0,0
97,97,1097,Stockholm1,78,74.3421282209538,1235,0.59,0.78,0,7.45,0,0,0,0
98,98,1098,Stockholm1,78,16.2677420884037,1689,0.59,0.78,0,7.45,0,0,0,0
99,99,1099,Stockholm1,78,24.04717309492381,1204,0.59,0.78,0,7.45,0,0,0,0
100,100,1100,Stockholm2,78,60.32266736488629,866,0.58,0.77,0,7.53,0,0,1,0
101,101,1101,Stockholm2,78,152.688265826661,1398,0.58,0.78,0,7.42,0,0,0,0
102,102,1102,Stockholm2,78,18.034980167137306,148,0.58,0.77,1,7.53,0,0,0,0
103,103,1103,Stockholm2,78,601.718846236836,158,0.58,0.77,3,7.56,0,0,0,0
104,104,1104,Stockholm2,78,129.553966684676,1370,0.58,0.77,0,7.52,0,0,0,0
105,105,1105,Stockholm2,78,107.624891603422,137,0.58,0.77,1,7.53,1,0,0,0
106,106,1106,Stockholm2,78,128.406289347523,685,0.58,0.77,0,7.53,0,0,0,0
107,107,1107,Stockholm2,78,127.49781797090598,849,0.58,0.77,0,7.53,0,0,0,0
108,108,1108,Stockholm2,78,100.45395383819701,48,0.58,0.77,6,7.56,0,0,0,0
109,109,1109,Stockholm2,78,77.0938967537329,1021,0.58,0.77,0,7.53,0,1,0,0
110,110,1110,Stockholm2,78,71.68009848298429,1474,0.58,0.78,0,7.48,0,0,0,0
111,111,1111,Stockholm2,78,158.100008739559,613,0.58,0.77,0,7.53,0,0,0,0
112,112,1112,Stockholm2,78,114.705214789606,409,0.58,0.78,1,7.49,0,0,0,0
113,113,1113,Stockholm2,78,95.40639081814008,1568,0.58,0.78,0,7.48,0,0,0,0
114,114,1114,Stockholm2,78,129.879092313415,654,0.58,0.77,0,7.53,0,0,0,0
115,115,1115,Stockholm2,78,150.972039319726,1363,0.58,0.77,0,7.52,0,0,0,0
116,116,1116,Stockholm2,78,40.7554095539599,1086,0.58,0.77,0,7.52,0,0,0,0
117,117,1117,Stockholm2,78,23.3761267405899,1120,0.58,0.78,0,7.48,0,1,0,0
118,118,1118,Stockholm2,78,149.006612005598,474,0.58,0.78,1,7.49,0,0,0,0
119,119,1119,Stockholm2,78,11.2286095459542,1150,0.58,0.78,0,7.42,0,0,0,0
120,120,1120,Stockholm2,78,46.2478264367344,1516,0.58,0.78,0,7.48,0,0,0,0
121,121,1121,Stockholm2,78,106.199755950436,919,0.58,0.77,0,7.52,0,0,1,0
122,122,1122,Stockholm2,78,3919.68197699762,1329,0.58,0.78,0,7.49,0,0,0,0
123,123,1123,Stockholm2,78,124.32513215343201,522,0.58,0.77,0,7.53,0,0,0,0
124,124,1124,Stockholm2,78,15.9538565545777,799,0.58,0.77,0,7.53,0,0,0,1
125,125,1125,Stockholm2,78,89.8115427408662,1540,0.58,0.77,0,7.52,0,0,0,0
126,126,1126,Stockholm2,78,22.0447104113868,350,0.58,0.77,1,7.53,0,0,0,0
127,127,1127,Stockholm2,78,76.8022453691211,1541,0.58,0.77,0,7.52,0,0,0,0
128,128,1128,Stockholm2,78,73.8984240943918,642,0.58,0.77,0,7.53,0,0,0,0
129,129,1129,Stockholm2,78,11.3211067989219,759,0.58,0.77,0,7.53,0,0,0,0
130,130,1130,Stockholm2,78,115.214804149499,808,0.58,0.77,0,7.53,0,0,0,0
131,131,1131,Stockholm2,78,125.240362327459,1331,0.58,0.78,0,7.48,0,0,0,0
132,132,1132,Stockholm2,78,93.41450022426191,1428,0.58,0.77,0,7.52,0,0,0,0
133,133,1133,Stockholm2,78,61.314543352012215,1253,0.58,0.78,0,7.42,0,0,0,0
134,134,1134,Stockholm2,78,123.256495791639,1024,0.58,0.78,0,7.42,0,0,0,0
135,135,1135,Stockholm2,78,207.36221197517202,459,0.58,0.77,1,7.56,0,0,0,0
136,136,1136,Stockholm2,78,103.383397885773,650,0.58,0.77,0,7.56,0,0,0,0
137,137,1137,Stockholm2,78,116.26843104547702,923,0.58,0.77,0,7.53,0,0,0,0
138,138,1138,Stockholm2,78,71.9720885866612,1162,0.58,0.77,0,7.53,0,0,0,0
139,139,1139,Stockholm2,78,2742.1989528314302,154,0.58,0.77,6,7.56,0,0,0,0
140,140,1140,Stockholm2,78,162.609321667459,906,0.58,0.77,0,7.53,0,1,0,0
141,141,1141,Stockholm2,78,145.116752565719,1643,0.58,0.77,0,7.52,0,0,0,0
142,142,1142,Stockholm2,78,145.318537811259,774,0.58,0.78,0,7.42,0,0,0,0
143,143,1143,Stockholm2,78,119.44408704441999,423,0.58,0.77,1,7.56,0,0,0,0
144,144,1144,Stockholm2,78,148.335372118339,562,0.58,0.77,0,7.56,0,0,0,0
145,145,1145,Stockholm2,78,33.756157928126605,1418,0.58,0.78,0,7.48,0,0,0,0
146,146,1146,Stockholm2,78,93.7544723292297,538,0.58,0.78,0,7.49,0,0,0,0
147,147,1147,Stockholm2,78,146.25169327287702,1409,0.58,0.78,0,7.42,0,1,0,0
148,148,1148,Stockholm2,78,99.83565683478727,934,0.58,0.77,0,7.52,0,1,0,0
149,149,1149,Stockholm2,78,130.695404959349,718,0.58,0.78,0,7.42,0,0,0,0
150,150,1150,Stockholm2,78,75.1090791694687,524,0.58,0.77,0,7.53,0,0,0,0
151,151,1151,Stockholm2,78,136.534048679155,373,0.58,0.77,1,7.56,0,0,0,0
152,152,1152,Stockholm2,78,93.1335156727511,1707,0.58,0.77,0,7.52,0,1,0,0
153,153,1153,Stockholm2,78,35.808477319920996,420,0.58,0.77,1,7.53,0,0,0,0
154,154,1154,Stockholm2,78,7.843635280799901,1437,0.58,0.77,0,7.52,0,0,0,0
155,155,1155,Stockholm2,78,653.503760552487,1066,0.58,0.78,0,7.49,0,0,0,0
156,156,1156,Stockholm2,78,154.03001564189302,265,0.58,0.77,3,7.56,0,0,0,0
157,157,1157,Stockholm2,78,50.6616967177736,629,0.58,0.77,0,7.53,0,0,0,0
158,158,1158,Stockholm2,78,144.804509553727,321,0.58,0.77,3,7.56,0,0,0,0
159,159,1159,Stockholm2,78,152.32075475370002,1242,0.58,0.78,0,7.42,0,1,0,0
160,160,1160,Stockholm2,78,123.24564546762801,1756,0.58,0.78,0,7.48,0,0,0,0
161,161,1161,Stockholm2,78,148.86071315075898,733,0.58,0.78,0,7.42,0,1,0,0
162,162,1162,Stockholm2,78,102.96333974405701,1034,0.58,0.77,0,7.53,0,0,0,0
163,163,1163,Stockholm2,78,62.5577550102266,1412,0.58,0.78,0,7.48,0,1,0,0
164,164,1164,Stockholm2,78,19.187865170843,1261,0.58,0.77,0,7.52,0,0,0,0
165,165,1165,Stockholm2,78,21.9044777534529,675,0.58,0.77,0,7.53,0,0,0,0
166,166,1166,Stockholm2,78,81.4580165926634,1445,0.58,0.77,0,7.53,0,0,0,0
167,167,1167,Stockholm2,78,14.780618495378599,1280,0.58,0.77,0,7.52,0,0,0,0
168,168,1168,Stockholm2,78,1744.33116437536,1644,0.58,0.78,0,7.49,0,0,0,0
169,169,1169,Stockholm2,78,14.1791916231372,1081,0.58,0.77,0,7.52,0,0,0,0
170,170,1170,Stockholm2,78,10.6519057281551,1163,0.58,0.78,0,7.42,0,0,0,0
171,171,1171,Stockholm2,78,128.345204397284,1294,0.58,0.78,0,7.42,0,0,0,0
172,172,1172,Stockholm2,78,11.0633349433443,497,0.58,0.77,1,7.53,0,0,0,0
173,173,1173,Stockholm2,78,41.4108240729648,765,0.58,0.77,0,7.53,0,0,0,0
174,174,1174,Stockholm2,78,87.86651483243591,1477,0.58,0.77,0,7.52,0,0,0,0
175,175,1175,Stockholm2,78,106.71399901154899,1393,0.58,0.77,0,7.52,0,0,0,0
176,176,1176,Stockholm2,78,96.4685133629417,430,0.58,0.77,1,7.56,0,0,0,0
177,177,1177,Stockholm2,78,99.840712833095,879,0.58,0.77,0,7.53,0,0,0,0
178,178,1178,Stockholm2,78,90.7468437541945,717,0.58,0.77,0,7.53,0,0,0,0
179,179,1179,Stockholm2,78,23.793824040556693,1544,0.58,0.77,0,7.52,0,0,0,0
180,180,1180,Stockholm2,78,117.81807928113899,519,0.58,0.77,0,7.53,0,0,0,0
181,181,1181,Stockholm2,78,87.520837177864,294,0.58,0.77,1,7.56,0,0,0,0
182,182,1182,Stockholm2,78,115.280358809965,28,0.58,0.77,6,7.56,0,0,0,0
183,183,1183,Stockholm2,78,136.361155829742,130,0.58,0.77,1,7.53,0,1,0,0
184,184,1184,Stockholm2,78,184.538490979683,341,0.58,0.77,1,7.53,0,0,0,0
185,185,1185,Stockholm2,78,45.7563117759824,852,0.58,0.77,0,7.53,0,0,0,0
186,186,1186,Stockholm2,78,115.52510924226601,478,0.58,0.77,1,7.53,0,0,0,1
187,187,1187,Stockholm2,78,80.6113152411017,1594,0.58,0.78,0,7.48,0,0,0,0
188,188,1188,Stockholm2,78,87.76404211562021,588,0.58,0.77,0,7.53,0,0,0,0
189,189,1189,Stockholm2,78,105.282326905569,926,0.58,0.78,0,7.42,0,0,0,0
190,190,1190,Stockholm2,78,130.386369972203,966,0.58,0.77,0,7.53,0,0,0,0
191,191,1191,Stockholm2,78,97.35820562562901,1386,0.58,0.78,0,7.48,0,0,0,0
192,192,1192,Stockholm2,78,82.5504101978697,1355,0.58,0.78,0,7.48,0,0,0,0
193,193,1193,Stockholm2,78,97.2686404356958,156,0.58,0.77,10,7.56,0,0,0,0
194,194,1194,Stockholm2,78,67.4186917250673,531,0.58,0.77,0,7.56,0,0,0,0
195,195,1195,Stockholm2,78,196.00099965339803,711,0.58,0.77,0,7.53,0,0,0,1
196,196,1196,Stockholm2,78,36.169203225602395,646,0.58,0.77,0,7.53,0,0,0,0
197,197,1197,Stockholm2,78,144.801293631714,1099,0.58,0.78,0,7.42,0,0,0,0
198,198,1198,Stockholm2,78,15.9733069009479,1445,0.58,0.78,0,7.48,0,1,0,0
199,199,1199,Stockholm2,78,202.43818556272203,1238,0.58,0.78,0,7.48,0,1,0,0
200,200,1200,Stockholm3,78,1191.06701102697,830,0.58,0.78,0,7.49,0,0,0,0
201,201,1201,Stockholm3,78,286.63509846403485,302,0.58,0.78,7,7.5,0,0,0,0
202,202,1202,Stockholm3,78,299.997195395579,38,0.58,0.77,5,7.52,0,0,0,0
203,203,1203,Stockholm3,78,365.820145877789,746,0.58,0.78,0,7.5,0,0,0,0
204,204,1204,Stockholm3,78,877.698972270399,1157,0.58,0.78,0,7.49,0,1,0,0
205,205,1205,Stockholm3,78,844.125544934272,79,0.58,0.78,2,7.49,0,0,0,0
206,206,1206,Stockholm3,78,1560.73671504129,308,0.58,0.78,4,7.49,0,0,0,0
207,207,1207,Stockholm3,78,687.940759361451,170,0.58,0.77,5,7.52,0,0,0,0
208,208,1208,Stockholm3,78,325.171297275645,573,0.58,0.77,0,7.52,1,0,0,0
209,209,1209,Stockholm3,78,664.432642751954,384,0.58,0.77,3,7.52,0,1,0,0
210,210,1210,Stockholm3,78,55.120621385957,968,0.58,0.78,0,7.5,0,0,0,0
211,211,1211,Stockholm3,78,135.729863739916,655,0.58,0.78,0,7.49,0,0,0,0
212,212,1212,Stockholm3,78,1222.94932407455,304,0.58,0.77,5,7.52,0,0,0,0
213,213,1213,Stockholm3,78,139.975898690883,1214,0.58,0.78,0,7.49,0,1,0,0
214,214,1214,Stockholm3,78,936.3491880598773,114,0.58,0.77,5,7.52,0,0,0,0
215,215,1215,Stockholm3,78,420.001747206244,481,0.58,0.78,2,7.49,0,0,0,0
216,216,1216,Stockholm3,78,606.835838201997,301,0.58,0.78,2,7.49,0,0,0,0
217,217,1217,Stockholm3,78,136.587551482326,56,0.58,0.77,15,7.52,0,0,0,0
218,218,1218,Stockholm3,78,3914.8146716119895,94,0.58,0.78,15,7.5,0,1,0,0
219,219,1219,Stockholm3,78,111.065238465225,1183,0.58,0.78,0,7.5,0,0,0,0
220,220,1220,Stockholm3,78,2689.6619926426,265,0.58,0.78,2,7.49,0,0,0,0
221,221,1221,Stockholm3,78,459.11652183894597,162,0.58,0.77,15,7.52,0,0,0,0
222,222,1222,Stockholm3,78,983.5820068561301,270,0.58,0.78,5,7.5,0,0,1,0
223,223,1223,Stockholm3,78,344.92545209563997,506,0.58,0.77,0,7.52,0,1,0,0
224,224,1224,Stockholm3,78,519.7840236366919,741,0.58,0.78,0,7.49,0,0,0,0
225,225,1225,Stockholm3,78,1076.44961056594,288,0.58,0.77,3,7.52,0,0,0,0
226,226,1226,Stockholm3,78,1302.60225187503,532,0.58,0.77,0,7.52,0,0,0,0
227,227,1227,Stockholm3,78,872.551760925232,705,0.58,0.77,0,7.52,0,0,0,0
228,228,1228,Stockholm3,78,429.55895638632796,242,0.58,0.77,5,7.52,0,0,0,0
229,229,1229,Stockholm3,78,576.255828598723,688,0.58,0.78,0,7.5,0,0,0,0
230,230,1230,Stockholm3,78,205.01023383659802,84,0.58,0.77,15,7.52,0,0,0,0
231,231,1231,Stockholm3,78,150.950129408363,1012,0.58,0.78,0,7.5,0,1,0,0
232,232,1232,Stockholm3,78,1960.3885752223,616,0.58,0.77,0,7.52,0,0,0,0
233,233,1233,Stockholm3,78,442.37614955806,247,0.58,0.77,4,7.52,0,0,0,0
234,234,1234,Stockholm3,78,544.3366843178442,653,0.58,0.78,0,7.5,0,0,0,0
235,235,1235,Stockholm3,78,183.44007155984002,1277,0.58,0.78,0,7.49,0,0,0,0
236,236,1236,Stockholm3,78,299.854096516224,403,0.58,0.77,5,7.52,0,0,0,0
237,237,1237,Stockholm3,78,694.707909987937,104,0.58,0.78,15,7.5,0,0,0,0
238,238,1238,Stockholm3,78,111.43422672526,921,0.58,0.78,0,7.49,0,1,0,0
239,239,1239,Stockholm3,78,116.81168063288601,1150,0.58,0.78,0,7.49,0,0,0,0
240,240,1240,Stockholm3,78,460.75735350324095,118,0.58,0.78,13,7.5,0,1,0,0
241,241,1241,Stockholm3,78,2989.6693529549293,719,0.58,0.77,0,7.52,0,0,0,0
242,242,1242,Stockholm3,78,389.198172324933,869,0.58,0.78,0,7.5,0,0,0,0
243,243,1243,Stockholm3,78,2483.08724407746,81,0.58,0.77,12,7.52,0,0,0,0
244,244,1244,Stockholm3,78,3315.0975107627696,182,0.58,0.77,13,7.52,0,0,0,0
245,245,1245,Stockholm3,78,30.520973115236306,373,0.58,0.77,3,7.52,0,0,0,0
246,246,1246,Stockholm3,78,269.174455311482,1024,0.58,0.78,0,7.49,0,0,0,0
247,247,1247,Stockholm3,78,1806.3308664885199,1039,0.58,0.78,0,7.49,0,0,0,0
248,248,1248,Stockholm3,78,217.461286055416,780,0.58,0.78,0,7.49,0,0,0,1
249,249,1249,Stockholm3,78,148.430594883921,1103,0.58,0.78,0,7.5,0,0,0,0
250,250,1250,Stockholm3,78,10.851015052467101,1044,0.58,0.78,0,7.49,0,0,0,0
251,251,1251,Stockholm3,78,537.9577187362449,101,0.58,0.77,14,7.52,0,0,0,0
252,252,1252,Stockholm3,78,47.1924859977317,1149,0.58,0.78,0,7.5,0,0,0,0
253,253,1253,Stockholm3,78,648.560346931635,244,0.58,0.77,2,7.52,0,0,0,0
254,254,1254,Stockholm3,78,636.85541595855,270,0.58,0.77,5,7.52,0,0,0,0
255,255,1255,Stockholm3,78,37.2909685546394,254,0.58,0.78,10,7.5,0,0,0,0
256,256,1256,Stockholm3,78,1524.4973643684302,120,0.58,0.77,12,7.52,0,0,0,0
257,257,1257,Stockholm3,78,904.059219458986,633,0.58,0.77,0,7.52,0,0,0,0
258,258,1258,Stockholm3,78,441.13938958474404,61,0.58,0.78,14,7.5,0,0,0,0
259,259,1259,Stockholm3,78,109.318563944472,975,0.58,0.78,0,7.5,0,0,0,0
260,260,1260,Stockholm3,78,1227.96985733169,376,0.58,0.77,4,7.52,0,0,0,0
261,261,1261,Stockholm3,78,1632.0478268527402,29,0.58,0.77,15,7.52,0,1,0,0
262,262,1262,Stockholm3,78,578.8699014590161,309,0.58,0.77,5,7.52,0,0,1,0
263,263,1263,Stockholm3,78,561.754247458321,580,0.58,0.78,0,7.49,0,0,0,0
264,264,1264,Stockholm3,78,4126.17846827238,163,0.58,0.78,13,7.5,0,0,0,0
265,265,1265,Stockholm3,78,772.554383806411,823,0.58,0.78,0,7.5,0,0,0,0
266,266,1266,Stockholm3,78,6916.688470718989,1051,0.58,0.78,0,7.49,0,0,0,0
267,267,1267,Stockholm3,78,47.192528503816995,1139,0.58,0.78,0,7.5,0,0,0,0
268,268,1268,Stockholm3,78,592.519167716013,835,0.58,0.78,0,7.49,0,0,0,0
269,269,1269,Stockholm3,78,307.822289414162,358,0.58,0.78,3,7.5,0,0,0,0
270,270,1270,Stockholm3,78,105.24028055647499,1230,0.58,0.78,0,7.49,0,0,0,0
271,271,1271,Stockholm3,78,824.208492004928,52,0.58,0.77,5,7.52,0,1,0,0
272,272,1272,Stockholm3,78,865.470248898322,361,0.58,0.77,5,7.52,0,0,0,0
273,273,1273,Stockholm3,78,345.708120343349,706,0.58,0.77,0,7.52,0,0,0,0
274,274,1274,Stockholm3,78,251.802284161491,498,0.58,0.77,1,7.52,0,1,0,0
275,275,1275,Stockholm3,78,396.39126879838204,58,0.58,0.77,15,7.52,0,0,0,0
276,276,1276,Stockholm3,78,4199.77354838839,1211,0.58,0.78,0,7.49,0,0,0,0
277,277,1277,Stockholm3,78,880.213847630343,616,0.58,0.77,0,7.52,0,0,0,0
278,278,1278,Stockholm3,78,231.264683648436,1131,0.58,0.78,0,7.5,0,0,0,0
279,279,1279,Stockholm3,78,377.23487877087194,594,0.58,0.78,0,7.5,0,0,0,0
280,280,1280,Stockholm3,78,472.059452163912,580,0.58,0.78,0,7.49,0,0,0,0
281,281,1281,Stockholm3,78,355.336680490658,867,0.58,0.78,0,7.49,0,0,0,0
282,282,1282,Stockholm3,78,2144.31028770757,518,0.58,0.77,0,7.52,0,0,0,0
283,283,1283,Stockholm3,78,1163.43118197081,121,0.58,0.78,12,7.5,0,1,0,0
284,284,1284,Stockholm3,78,63.801751506628285,630,0.58,0.78,0,7.49,0,0,0,0
285,285,1285,Stockholm3,78,627.076442543668,174,0.58,0.77,4,7.52,0,0,0,0
286,286,1286,Stockholm3,78,1243.38851356849,35,0.58,0.77,3,7.52,0,0,0,0
287,287,1287,Stockholm3,78,355.642360426727,1106,0.58,0.78,0,7.5,0,1,0,0
288,288,1288,Stockholm3,78,827.810627276203,200,0.58,0.78,7,7.5,1,0,0,0
289,289,1289,Stockholm3,78,286.791150976294,249,0.58,0.78,7,7.5,1,0,0,0
290,290,1290,Stockholm3,78,217.53070181588,755,0.58,0.78,0,7.49,0,0,0,0
291,291,1291,Stockholm3,78,1692.65722590268,600,0.58,0.77,0,7.52,0,1,0,0
292,292,1292,Stockholm3,78,917.876615074061,68,0.58,0.77,2,7.52,0,1,0,0
293,293,1293,Stockholm3,78,651.286398838267,588,0.58,0.78,0,7.5,0,1,0,0
294,294,1294,Stockholm3,78,1019.0764695627499,478,0.58,0.77,3,7.52,0,0,0,0
295,295,1295,Stockholm3,78,2069.01897868183,1103,0.58,0.78,0,7.49,0,0,0,0
296,296,1296,Stockholm3,78,94.74897897190701,1063,0.58,0.78,0,7.49,0,0,0,0
297,297,1297,Stockholm3,78,322.337700411357,136,0.58,0.78,8,7.5,0,0,0,0
298,298,1298,Stockholm3,78,2266.6156329491396,704,0.58,0.78,0,7.5,0,0,0,0
299,299,1299,Stockholm3,78,538.743943433809,154,0.58,0.77,4,7.52,0,1,0,0
300,300,1300,Stockholm4,78,2195.1740995736604,267,0.58,0.77,5,7.57,0,0,0,0
301,301,1301,Stockholm4,78,114.311515279617,316,0.58,0.77,1,7.57,0,0,0,0
302,302,1302,Stockholm4,78,90.52676401954399,1074,0.58,0.77,0,7.57,0,0,0,0
303,303,1303,Stockholm4,78,157.828308179753,135,0.58,0.77,4,7.57,0,0,0,0
304,304,1304,Stockholm4,78,180.235304309576,143,0.58,0.77,1,7.57,0,0,0,0
305,305,1305,Stockholm4,78,482.830589199002,1099,0.58,0.77,0,7.6,0,0,0,0
306,306,1306,Stockholm4,78,103.32248104911999,454,0.58,0.77,3,7.6,0,0,0,0
307,307,1307,Stockholm4,78,430.046517069543,456,0.58,0.77,2,7.57,0,0,0,0
308,308,1308,Stockholm4,78,89.7280290984024,679,0.58,0.77,0,7.57,0,0,0,0
309,309,1309,Stockholm4,78,1257.62071799573,156,0.58,0.77,11,7.57,0,0,0,0
310,310,1310,Stockholm4,78,281.583920825219,806,0.58,0.77,0,7.6,0,0,0,0
311,311,1311,Stockholm4,78,589.4654942174141,142,0.58,0.77,8,7.57,0,0,0,1
312,312,1312,Stockholm4,78,218.46908776599,641,0.58,0.77,0,7.6,0,0,0,0
313,313,1313,Stockholm4,78,87.6668183042218,1008,0.58,0.77,0,7.57,0,0,0,0
314,314,1314,Stockholm4,78,288.455883655217,705,0.58,0.77,0,7.57,0,0,1,0
315,315,1315,Stockholm4,78,108.66312623278601,1048,0.58,0.77,0,7.57,0,0,0,0
316,316,1316,Stockholm4,78,161.78889241558997,321,0.58,0.77,1,7.57,0,0,0,0
317,317,1317,Stockholm4,78,230.121425467715,275,0.58,0.77,3,7.6,0,0,0,0
318,318,1318,Stockholm4,78,81.7201495619091,871,0.58,0.77,0,7.57,0,0,0,0
319,319,1319,Stockholm4,78,86.4878464074892,686,0.58,0.77,0,7.57,0,0,0,0
320,320,1320,Stockholm4,78,135.67385842648702,309,0.58,0.77,1,7.57,0,1,0,0
321,321,1321,Stockholm4,78,525.869360992578,931,0.58,0.77,0,7.6,0,0,0,0
322,322,1322,Stockholm4,78,443.438660120712,308,0.58,0.77,4,7.57,0,0,0,0
323,323,1323,Stockholm4,78,352.40216978332086,394,0.58,0.77,1,7.57,0,0,0,0
324,324,1324,Stockholm4,78,127.19783031072399,576,0.58,0.77,0,7.57,0,0,0,0
325,325,1325,Stockholm4,78,1092.28810280078,120,0.58,0.77,8,7.57,0,0,0,0
326,326,1326,Stockholm4,78,31.2274224911732,807,0.58,0.77,0,7.57,0,0,0,0
327,327,1327,Stockholm4,78,139.10832034790002,758,0.58,0.77,0,7.6,0,0,0,0
328,328,1328,Stockholm4,78,244.37306582543098,684,0.58,0.77,0,7.6,0,0,0,0
329,329,1329,Stockholm4,78,439.60025137157004,520,0.58,0.77,0,7.57,0,0,0,0
330,330,1330,Stockholm4,78,164.578226849147,554,0.58,0.77,0,7.6,0,1,0,0
331,331,1331,Stockholm4,78,108.476421897232,431,0.58,0.77,3,7.6,0,0,0,0
332,332,1332,Stockholm4,78,1027.0801407292,271,0.58,0.77,7,7.57,0,0,0,0
333,333,1333,Stockholm4,78,324.168174546553,389,0.58,0.77,4,7.57,0,0,0,0
334,334,1334,Stockholm4,78,130.398253359719,992,0.58,0.77,0,7.6,0,0,0,0
335,335,1335,Stockholm4,78,7475.11585473135,278,0.58,0.77,5,7.6,0,0,1,0
336,336,1336,Stockholm4,78,119.235831418021,481,0.58,0.77,1,7.57,0,0,1,0
337,337,1337,Stockholm4,78,104.25444245511801,638,0.58,0.77,0,7.57,0,1,0,0
338,338,1338,Stockholm4,78,1191.6174586857699,121,0.58,0.77,3,7.6,0,0,0,0
339,339,1339,Stockholm4,78,1813.42219594763,43,0.58,0.77,5,7.6,0,0,0,0
340,340,1340,Stockholm4,78,219.317724629682,643,0.58,0.77,0,7.6,0,0,0,0
341,341,1341,Stockholm4,78,99.89516940687041,984,0.58,0.77,0,7.57,0,0,0,0
342,342,1342,Stockholm4,78,103.932982791402,719,0.58,0.77,0,7.57,0,0,0,0
343,343,1343,Stockholm4,78,1370.35984999779,59,0.58,0.77,3,7.6,0,0,0,0
344,344,1344,Stockholm4,78,260.440424758161,410,0.58,0.77,1,7.57,0,0,0,0
345,345,1345,Stockholm4,78,8036.396032239821,324,0.58,0.77,1,7.57,0,0,0,0
346,346,1346,Stockholm4,78,2108.55183566905,219,0.58,0.77,6,7.57,0,0,0,0
347,347,1347,Stockholm4,78,61.8751966047857,730,0.58,0.77,0,7.6,0,1,0,0
348,348,1348,Stockholm4,78,116.9346323199,313,0.58,0.77,1,7.57,0,0,0,0
349,349,1349,Stockholm4,78,863.852686685584,80,0.58,0.77,9,7.57,0,1,0,0
350,350,1350,Stockholm4,78,1230.6412247871199,124,0.58,0.77,7,7.57,0,0,0,0
351,351,1351,Stockholm4,78,162.213108434797,964,0.58,0.77,0,7.6,0,1,0,0
352,352,1352,Stockholm4,78,99.2278721722783,407,0.58,0.77,1,7.57,0,0,0,0
353,353,1353,Stockholm4,78,127.823419396528,946,0.58,0.77,0,7.57,0,0,0,0
354,354,1354,Stockholm4,78,2419.43879294173,264,0.58,0.77,5,7.57,0,0,0,0
355,355,1355,Stockholm4,78,409.842218455654,1002,0.58,0.77,0,7.6,0,0,0,0
356,356,1356,Stockholm4,78,70.1649418559863,1196,0.58,0.77,0,7.6,1,0,0,0
357,357,1357,Stockholm4,78,142.300240718419,41,0.58,0.77,1,7.57,0,0,0,0
358,358,1358,Stockholm4,78,59.3042976078924,712,0.58,0.77,0,7.57,0,0,0,1
359,359,1359,Stockholm4,78,1110.7630109985,751,0.58,0.77,0,7.6,0,0,1,0
360,360,1360,Stockholm4,78,78.55125632140309,1387,0.58,0.77,0,7.6,0,0,0,0
361,361,1361,Stockholm4,78,1183.52549648694,229,0.58,0.77,1,7.57,1,0,0,0
362,362,1362,Stockholm4,78,95.1489472887627,1125,0.58,0.77,0,7.6,0,0,0,0
363,363,1363,Stockholm4,78,101.939834395192,1010,0.58,0.77,0,7.57,0,0,0,0
364,364,1364,Stockholm4,78,108.666432025691,494,0.58,0.77,2,7.6,0,0,0,0
365,365,1365,Stockholm4,78,155.251346301568,563,0.58,0.77,0,7.6,0,0,1,0
366,366,1366,Stockholm4,78,98.2488406834575,552,0.58,0.77,0,7.6,0,0,0,0
367,367,1367,Stockholm4,78,126.656779863027,710,0.58,0.77,0,7.6,0,0,0,0
368,368,1368,Stockholm4,78,123.217703680531,96,0.58,0.77,3,7.6,0,0,0,0
369,369,1369,Stockholm4,78,83.73600307515221,783,0.58,0.77,0,7.57,0,0,0,0
370,370,1370,Stockholm4,78,78.8891812122102,471,0.58,0.77,1,7.57,0,0,0,0
371,371,1371,Stockholm4,78,514.804269647417,1046,0.58,0.77,0,7.6,0,0,0,0
372,372,1372,Stockholm4,78,77.4598855852506,956,0.58,0.77,0,7.57,0,0,0,0
373,373,1373,Stockholm4,78,1333.6193469549198,409,0.58,0.77,1,7.57,0,0,0,0
374,374,1374,Stockholm4,78,99.6998876409212,432,0.58,0.77,1,7.57,0,0,0,0
375,375,1375,Stockholm4,78,201.700431884278,279,0.58,0.77,3,7.6,0,0,0,0
376,376,1376,Stockholm4,78,607.924140424983,523,0.58,0.77,0,7.57,0,0,0,0
377,377,1377,Stockholm4,78,141.192608467169,80,0.58,0.77,1,7.57,0,1,0,0
378,378,1378,Stockholm4,78,11745.3571518028,163,0.58,0.77,5,7.57,0,0,1,0
379,379,1379,Stockholm4,78,90.906496049167,392,0.58,0.77,1,7.57,0,0,0,0
380,380,1380,Stockholm4,78,1115.5325607717,117,0.58,0.77,5,7.6,0,0,0,0
381,381,1381,Stockholm4,78,136.077593526985,282,0.58,0.77,1,7.57,0,0,0,0
382,382,1382,Stockholm4,78,133.460357478259,795,0.58,0.77,0,7.57,0,0,0,0
383,383,1383,Stockholm4,78,88.97140933901501,727,0.58,0.77,0,7.57,0,0,0,0
384,384,1384,Stockholm4,78,123.77452803835301,907,0.58,0.77,0,7.6,0,0,0,0
385,385,1385,Stockholm4,78,2745.2481473293,568,0.58,0.77,0,7.57,0,0,0,0
386,386,1386,Stockholm4,78,93.6018528045213,559,0.58,0.77,0,7.57,0,1,0,0
387,387,1387,Stockholm4,78,94.49381805256279,763,0.58,0.77,0,7.57,0,0,0,0
388,388,1388,Stockholm4,78,88.48769246591709,360,0.58,0.77,1,7.57,0,0,0,0
389,389,1389,Stockholm4,78,486.463163558721,186,0.58,0.77,2,7.57,0,0,0,0
390,390,1390,Stockholm4,78,242.531452337849,788,0.58,0.77,0,7.57,0,0,0,0
391,391,1391,Stockholm4,78,623.113321048849,101,0.58,0.77,8,7.57,0,0,0,0
392,392,1392,Stockholm4,78,126.54700584883801,935,0.58,0.77,0,7.6,0,1,0,0
393,393,1393,Stockholm4,78,480.80376648305395,849,0.58,0.77,0,7.6,0,0,0,0
394,394,1394,Stockholm4,78,121.298145941639,752,0.58,0.77,0,7.57,0,1,0,0
395,395,1395,Stockholm4,78,120.837811592167,328,0.58,0.77,1,7.57,0,1,0,0
396,396,1396,Stockholm4,78,102.971492867244,564,0.58,0.77,0,7.57,0,0,0,0
397,397,1397,Stockholm4,78,280.590048018785,960,0.58,0.77,0,7.6,0,0,0,0
398,398,1398,Stockholm4,78,249.26358661666904,1471,0.58,0.77,0,7.6,0,0,0,0
399,399,1399,Stockholm4,78,112.52544212191201,915,0.58,0.77,0,7.57,0,0,0,0
400,400,1400,Stockholm5,70,292.266105286503,41,0.59,0.77,51,7.6,0,0,0,0
401,401,1401,Stockholm5,70,470.953423886675,115,0.59,0.77,48,7.6,0,0,0,0
402,402,1402,Stockholm5,70,1233.3007446936801,115,0.59,0.77,19,7.6,1,0,0,0
403,403,1403,Stockholm5,70,65.1447888666464,0,0.59,0.77,40,7.6,0,0,0,0
404,404,1404,Stockholm5,70,5055.58144372051,56,0.59,0.77,49,7.6,0,0,0,0
405,405,1405,Stockholm5,70,1610.91921324648,47,0.59,0.77,48,7.6,0,0,0,0
406,406,1406,Stockholm5,70,2156.5012224446,78,0.59,0.77,31,7.6,0,0,0,0
407,407,1407,Stockholm5,70,5314.37591868236,53,0.59,0.77,25,7.6,0,0,0,0
408,408,1408,Stockholm5,70,5815.04088463631,129,0.59,0.77,19,7.6,0,0,0,0
409,409,1409,Stockholm5,78,2647.89153435023,261,0.59,0.77,11,7.62,0,0,0,0
410,410,1410,Stockholm5,70,471.214222581971,184,0.59,0.77,28,7.6,0,0,0,0
411,411,1411,Stockholm5,70,2598.65231937346,90,0.59,0.77,37,7.6,0,0,0,1
412,412,1412,Stockholm5,70,4129.90168728383,112,0.59,0.77,22,7.6,0,0,0,0
413,413,1413,Stockholm5,78,677.8900225722721,342,0.59,0.77,12,7.62,0,0,1,0
414,414,1414,Stockholm5,78,270.843393178109,321,0.59,0.77,1,7.62,0,0,1,0
415,415,1415,Stockholm5,70,38.8543941202625,151,0.59,0.77,50,7.6,0,0,0,0
416,416,1416,Stockholm5,78,539.385760420061,433,0.59,0.77,10,7.62,0,0,0,0
417,417,1417,Stockholm5,78,6570.12635782323,48,0.59,0.77,20,7.62,0,0,0,0
418,418,1418,Stockholm5,70,124.317084332892,161,0.59,0.77,20,7.6,0,0,0,0
419,419,1419,Stockholm5,70,4855.630573908889,159,0.59,0.77,31,7.6,0,0,0,0
420,420,1420,Stockholm5,70,258.33668436408,54,0.59,0.77,39,7.6,0,0,0,0
421,421,1421,Stockholm5,70,280.581937345391,69,0.59,0.77,38,7.6,0,0,0,0
422,422,1422,Stockholm5,70,1181.0495010487,268,0.59,0.77,7,7.6,0,0,1,0
423,423,1423,Stockholm5,70,1972.85228395506,123,0.59,0.77,18,7.6,0,0,0,0
424,424,1424,Stockholm5,78,5198.88557076041,274,0.59,0.77,3,7.62,0,0,0,0
425,425,1425,Stockholm5,78,93.711245780602,318,0.59,0.77,16,7.62,0,0,0,0
426,426,1426,Stockholm5,70,2284.50951749492,82,0.59,0.77,23,7.6,0,0,0,0
427,427,1427,Stockholm5,70,213.84386572798198,51,0.59,0.77,38,7.6,0,1,0,0
428,428,1428,Stockholm5,70,1863.17443406994,98,0.59,0.77,53,7.6,0,0,0,0
429,429,1429,Stockholm5,70,1916.5368900677304,85,0.59,0.77,10,7.6,0,1,0,0
430,430,1430,Stockholm5,78,3068.06829009975,69,0.59,0.77,31,7.62,1,0,0,0
431,431,1431,Stockholm5,70,1479.7316859882,177,0.59,0.77,13,7.6,0,0,0,0
432,432,1432,Stockholm5,70,1174.38869367422,267,0.59,0.77,6,7.6,0,0,0,0
433,433,1433,Stockholm5,78,461.517892752427,157,0.59,0.77,25,7.62,0,0,0,0
434,434,1434,Stockholm5,70,566.1568288476619,245,0.59,0.77,12,7.6,0,0,0,0
435,435,1435,Stockholm5,70,148.255871886116,78,0.59,0.77,21,7.6,0,0,0,0
436,436,1436,Stockholm5,78,271.017904152411,215,0.59,0.77,1,7.62,0,0,0,0
437,437,1437,Stockholm5,70,6260.812986513821,147,0.59,0.77,15,7.6,0,0,1,0
438,438,1438,Stockholm5,70,935.0322789727968,263,0.59,0.77,7,7.6,0,0,0,0
439,439,1439,Stockholm5,70,87.13827582204179,117,0.59,0.77,11,7.6,0,0,0,0
440,440,1440,Stockholm5,78,1082.2158195130698,73,0.59,0.77,36,7.62,0,0,0,0
441,441,1441,Stockholm5,70,128.61652526767,227,0.59,0.77,19,7.6,0,0,0,0
442,442,1442,Stockholm5,70,1460.60014085682,72,0.59,0.77,19,7.6,0,0,0,0
443,443,1443,Stockholm5,70,534.8391963363761,83,0.59,0.77,48,7.6,0,0,0,0
444,444,1444,Stockholm5,78,9060.4668271216,106,0.59,0.77,45,7.62,0,0,0,0
445,445,1445,Stockholm5,78,479.407430704245,105,0.59,0.77,33,7.62,0,1,0,0
446,446,1446,Stockholm5,78,266.712281657794,299,0.59,0.77,5,7.62,0,1,0,0
447,447,1447,Stockholm5,70,812.0482873308749,135,0.59,0.77,22,7.6,1,0,0,0
448,448,1448,Stockholm5,70,1320.27740082089,141,0.59,0.77,15,7.6,0,0,0,0
449,449,1449,Stockholm5,70,1257.4010362196,134,0.59,0.77,19,7.6,0,0,0,0
450,450,1450,Stockholm5,70,5073.422804547728,114,0.59,0.77,14,7.6,0,0,0,0
451,451,1451,Stockholm5,70,2040.6228952620002,95,0.59,0.77,12,7.6,0,0,0,0
452,452,1452,Stockholm5,70,378.384900166335,214,0.59,0.77,16,7.6,0,0,0,0
453,453,1453,Stockholm5,70,1401.13244145069,79,0.59,0.77,33,7.6,0,0,0,0
454,454,1454,Stockholm5,70,354.306676781601,163,0.59,0.77,35,7.6,0,0,1,0
455,455,1455,Stockholm5,70,4335.26578712316,41,0.59,0.77,14,7.6,0,1,0,0
456,456,1456,Stockholm5,78,858.1404331807222,44,0.59,0.77,31,7.62,0,0,0,0
457,457,1457,Stockholm5,70,7239.6851528565085,71,0.59,0.77,39,7.6,1,0,0,0
458,458,1458,Stockholm5,70,1504.6204808305,282,0.59,0.77,18,7.6,0,0,0,0
459,459,1459,Stockholm5,70,702.8502007094452,90,0.59,0.77,22,7.6,0,0,0,0
460,460,1460,Stockholm5,70,201.858579420192,31,0.59,0.77,17,7.6,0,0,0,0
461,461,1461,Stockholm5,70,36.84485937824,90,0.59,0.77,17,7.6,0,0,0,0
462,462,1462,Stockholm5,70,297.82414102733895,252,0.59,0.77,17,7.6,0,0,0,0
463,463,1463,Stockholm5,78,1423.73157632689,413,0.59,0.77,6,7.62,0,0,0,0
464,464,1464,Stockholm5,70,964.91357015919,17,0.59,0.77,44,7.6,0,0,0,0
465,465,1465,Stockholm5,70,224.86156484250702,112,0.59,0.77,46,7.6,0,0,0,0
466,466,1466,Stockholm5,70,104.595819687404,64,0.59,0.77,22,7.6,0,0,0,0
467,467,1467,Stockholm5,70,2746.70817081894,110,0.59,0.77,19,7.6,0,0,0,0
468,468,1468,Stockholm5,78,477.507567429944,158,0.59,0.77,20,7.62,0,0,0,0
469,469,1469,Stockholm5,70,1024.97776531013,237,0.59,0.77,19,7.6,0,0,0,0
470,470,1470,Stockholm5,70,4770.61412688886,43,0.59,0.77,42,7.6,0,0,0,0
471,471,1471,Stockholm5,70,7956.02611009952,302,0.59,0.77,8,7.6,0,0,0,0
472,472,1472,Stockholm5,70,577.360882804187,152,0.59,0.77,12,7.6,0,0,0,0
473,473,1473,Stockholm5,70,395.389121250251,237,0.59,0.77,18,7.6,0,0,0,0
474,474,1474,Stockholm5,78,1526.9374292340601,240,0.59,0.77,19,7.62,0,0,0,0
475,475,1475,Stockholm5,70,4646.97883927356,153,0.59,0.77,39,7.6,0,0,0,0
476,476,1476,Stockholm5,70,395.82697899056,289,0.59,0.77,18,7.6,0,0,0,0
477,477,1477,Stockholm5,70,473.249993301652,127,0.59,0.77,38,7.6,0,0,0,0
478,478,1478,Stockholm5,70,65.12459993332,49,0.59,0.77,41,7.6,0,0,0,0
479,479,1479,Stockholm5,78,552.731309065915,396,0.59,0.77,13,7.62,0,1,0,0
480,480,1480,Stockholm5,70,791.3516098986238,71,0.59,0.77,19,7.6,0,0,0,0
481,481,1481,Stockholm5,70,1612.84535241636,198,0.59,0.77,17,7.6,0,0,0,0
482,482,1482,Stockholm5,70,256.457267354819,181,0.59,0.77,12,7.6,0,0,0,0
483,483,1483,Stockholm5,78,255.188934232653,141,0.59,0.77,22,7.62,0,0,0,0
484,484,1484,Stockholm5,70,296.256212303826,8,0.59,0.77,50,7.6,0,0,0,0
485,485,1485,Stockholm5,70,913.1405501651019,170,0.59,0.77,45,7.6,0,0,0,0
486,486,1486,Stockholm5,70,4176.12490285605,59,0.59,0.77,29,7.6,0,0,1,0
487,487,1487,Stockholm5,70,301.71802852851,229,0.59,0.77,16,7.6,0,1,0,0
488,488,1488,Stockholm5,78,512.061142481955,133,0.59,0.77,28,7.62,0,0,0,0
489,489,1489,Stockholm5,70,306.239535584774,72,0.59,0.77,49,7.6,0,0,0,0
490,490,1490,Stockholm5,78,450.52490720904296,138,0.59,0.77,7,7.62,0,0,0,0
491,491,1491,Stockholm5,70,381.05508223736604,96,0.59,0.77,35,7.6,0,0,0,0
492,492,1492,Stockholm5,78,996.061202615807,140,0.59,0.77,12,7.62,0,0,0,0
493,493,1493,Stockholm5,78,1915.2527766563396,221,0.59,0.77,10,7.62,0,0,0,0
494,494,1494,Stockholm5,70,903.3812466848468,142,0.59,0.77,23,7.6,0,1,0,0
495,495,1495,Stockholm5,78,1291.53097377322,139,0.59,0.77,11,7.62,0,0,0,0
496,496,1496,Stockholm5,70,1937.22021905178,60,0.59,0.77,19,7.6,0,1,0,0
497,497,1497,Stockholm5,70,389.876538162026,126,0.59,0.77,16,7.6,0,0,0,0
498,498,1498,Stockholm5,78,2280.71654605723,44,0.59,0.77,12,7.62,0,0,0,0
499,499,1499,Stockholm5,70,473.51799805027605,62,0.59,0.77,39,7.6,0,0,0,0
500,500,1500,Stockholm6,76,397.567819218734,23,0.59,0.77,72,7.6,0,0,0,0
501,501,1501,Stockholm6,76,9490.54762823853,327,0.59,0.77,10,7.6,0,0,0,0
502,502,1502,Stockholm6,76,983.6922651165628,53,0.59,0.77,88,7.6,0,0,0,0
503,503,1503,Stockholm6,76,243.195641190615,101,0.59,0.77,37,7.6,0,0,0,0
504,504,1504,Stockholm6,76,61.0233380132086,5,0.59,0.77,97,7.6,0,1,0,0
505,505,1505,Stockholm6,76,633.290057756576,127,0.59,0.77,63,7.6,0,0,0,0
506,506,1506,Stockholm6,76,456.06361160107696,24,0.59,0.77,35,7.6,0,0,0,0
507,507,1507,Stockholm6,76,959.281489110438,43,0.59,0.77,44,7.6,0,0,0,0
508,508,1508,Stockholm6,76,1288.7654174643699,68,0.59,0.77,49,7.6,0,0,0,0
509,509,1509,Stockholm6,76,2304.05686953327,87,0.59,0.77,72,7.6,0,1,0,0
510,510,1510,Stockholm6,76,131.200267192276,45,0.59,0.77,73,7.6,0,0,0,0
511,511,1511,Stockholm6,76,715.987780588438,63,0.59,0.77,20,7.6,0,0,0,0
512,512,1512,Stockholm6,76,1464.1904914704196,62,0.59,0.77,79,7.6,0,0,1,0
513,513,1513,Stockholm6,76,1106.69718820858,78,0.59,0.77,52,7.6,0,0,0,0
514,514,1514,Stockholm6,76,1975.5720763156799,39,0.59,0.77,72,7.6,0,0,0,0
515,515,1515,Stockholm6,76,1348.76687611379,39,0.59,0.77,53,7.6,0,0,0,0
516,516,1516,Stockholm6,78,834.5544167119458,154,0.59,0.77,2,7.62,0,0,0,0
517,517,1517,Stockholm6,76,502.05930995178596,123,0.59,0.77,49,7.6,0,1,0,0
518,518,1518,Stockholm6,76,578.022778445719,74,0.59,0.77,72,7.6,0,0,0,0
519,519,1519,Stockholm6,78,184.569998988073,246,0.59,0.77,13,7.62,0,0,0,0
520,520,1520,Stockholm6,76,1274.7727720422502,18,0.59,0.77,42,7.6,0,1,0,0
521,521,1521,Stockholm6,76,2692.43705488888,32,0.59,0.77,48,7.6,0,0,1,0
522,522,1522,Stockholm6,76,858.050163251905,59,0.59,0.77,107,7.6,0,0,0,0
523,523,1523,Stockholm6,76,37.9483861537365,136,0.59,0.77,71,7.6,0,0,0,0
524,524,1524,Stockholm6,76,1261.15086287167,36,0.59,0.77,83,7.6,0,0,0,0
525,525,1525,Stockholm6,76,981.283488721819,33,0.59,0.77,31,7.6,0,0,0,0
526,526,1526,Stockholm6,78,271.40883451913504,439,0.59,0.77,1,7.62,0,0,0,0
527,527,1527,Stockholm6,76,866.627751290953,66,0.59,0.77,73,7.6,0,0,1,0
528,528,1528,Stockholm6,76,333.55043353643396,95,0.59,0.77,92,7.6,0,0,0,0
529,529,1529,Stockholm6,78,694.063188085857,11,0.59,0.77,1,7.62,0,1,0,0
530,530,1530,Stockholm6,76,860.460038655878,146,0.59,0.77,23,7.6,0,0,0,0
531,531,1531,Stockholm6,76,1795.54284380519,22,0.59,0.77,85,7.6,0,0,0,0
532,532,1532,Stockholm6,76,342.79039680138,129,0.59,0.77,45,7.6,0,0,0,0
533,533,1533,Stockholm6,78,343.228745455605,155,0.59,0.77,8,7.62,0,0,0,0
534,534,1534,Stockholm6,76,1206.04559819469,28,0.59,0.77,68,7.6,0,0,0,0
535,535,1535,Stockholm6,76,1440.3030432212,57,0.59,0.77,25,7.6,1,0,0,0
536,536,1536,Stockholm6,76,23.777070475777887,183,0.59,0.77,18,7.6,0,0,0,0
537,537,1537,Stockholm6,76,810.96008944084,66,0.59,0.77,74,7.6,0,1,0,0
538,538,1538,Stockholm6,76,1281.42706771135,46,0.59,0.77,63,7.6,0,0,0,0
539,539,1539,Stockholm6,76,376.750814152029,81,0.59,0.77,97,7.6,0,0,0,0
540,540,1540,Stockholm6,76,1840.53051211936,27,0.59,0.77,92,7.6,0,0,0,0
541,541,1541,Stockholm6,76,75.3012097522315,38,0.59,0.77,81,7.6,0,0,0,0
542,542,1542,Stockholm6,76,839.536408320931,50,0.59,0.77,31,7.6,0,0,0,0
543,543,1543,Stockholm6,76,349.31925892845396,30,0.59,0.77,23,7.6,0,0,0,0
544,544,1544,Stockholm6,76,69.12417787019321,22,0.59,0.77,82,7.6,0,1,0,0
545,545,1545,Stockholm6,78,167.409627088512,272,0.59,0.77,12,7.62,0,0,0,0
546,546,1546,Stockholm6,76,406.577036486775,81,0.59,0.77,49,7.6,0,0,0,0
547,547,1547,Stockholm6,76,585.248076152449,36,0.59,0.77,46,7.6,0,1,0,0
548,548,1548,Stockholm6,76,1945.499087484489,49,0.59,0.77,85,7.6,0,0,0,0
549,549,1549,Stockholm6,76,2776.76969050873,64,0.59,0.77,102,7.6,0,0,0,0
550,550,1550,Stockholm6,76,171.775641091891,23,0.59,0.77,105,7.6,0,0,0,0
551,551,1551,Stockholm6,76,454.036463271353,97,0.59,0.77,58,7.6,0,0,0,0
552,552,1552,Stockholm6,76,1322.76612738261,104,0.59,0.77,60,7.6,0,0,0,0
553,553,1553,Stockholm6,78,590.8163332238111,196,0.59,0.77,17,7.62,0,0,0,0
554,554,1554,Stockholm6,78,1224.1304036677802,42,0.59,0.77,1,7.62,0,0,0,0
555,555,1555,Stockholm6,76,980.798068549662,124,0.59,0.77,76,7.6,0,0,0,0
556,556,1556,Stockholm6,76,1667.0681512025,39,0.59,0.77,107,7.6,0,0,0,0
557,557,1557,Stockholm6,76,3745.31021801745,38,0.59,0.77,94,7.6,0,0,0,0
558,558,1558,Stockholm6,76,1987.7600680748399,42,0.59,0.77,86,7.6,0,0,0,0
559,559,1559,Stockholm6,76,891.117760574651,25,0.59,0.77,78,7.6,0,0,0,0
560,560,1560,Stockholm6,78,2534.21350587562,271,0.59,0.77,33,7.62,0,0,0,0
561,561,1561,Stockholm6,76,855.183508505276,31,0.59,0.77,30,7.6,0,0,0,0
562,562,1562,Stockholm6,76,2479.15510794776,35,0.59,0.77,43,7.6,0,0,0,0
563,563,1563,Stockholm6,78,1691.41910711536,266,0.59,0.77,23,7.62,0,1,0,0
564,564,1564,Stockholm6,76,241.743038457383,63,0.59,0.77,25,7.6,0,1,0,0
565,565,1565,Stockholm6,76,1775.08594113416,45,0.59,0.77,69,7.6,0,0,0,0
566,566,1566,Stockholm6,76,338.681581000033,99,0.59,0.77,58,7.6,0,0,1,0
567,567,1567,Stockholm6,76,654.585732507506,87,0.59,0.77,50,7.6,0,0,0,0
568,568,1568,Stockholm6,76,1069.62530899804,64,0.59,0.77,42,7.6,0,1,0,0
569,569,1569,Stockholm6,76,334.398291656718,39,0.59,0.77,88,7.6,0,0,0,0
570,570,1570,Stockholm6,76,278.143061729104,36,0.59,0.77,97,7.6,0,0,0,0
571,571,1571,Stockholm6,76,748.112266071483,46,0.59,0.77,84,7.6,0,1,0,0
572,572,1572,Stockholm6,76,597.488724025178,78,0.59,0.77,38,7.6,0,0,0,0
573,573,1573,Stockholm6,78,505.860638286977,393,0.59,0.77,4,7.62,0,0,0,0
574,574,1574,Stockholm6,78,43.585968140229305,110,0.59,0.77,2,7.62,0,0,0,0
575,575,1575,Stockholm6,76,2954.7540636784693,85,0.59,0.77,46,7.6,0,0,0,0
576,576,1576,Stockholm6,76,455.85978152670486,83,0.59,0.77,73,7.6,0,0,0,0
577,577,1577,Stockholm6,76,295.568912136382,45,0.59,0.77,64,7.6,0,0,0,1
578,578,1578,Stockholm6,76,4086.34485032584,169,0.59,0.77,26,7.6,0,0,1,0
579,579,1579,Stockholm6,76,994.842845457744,18,0.59,0.77,80,7.6,0,0,0,1
580,580,1580,Stockholm6,76,139.866642760323,34,0.59,0.77,80,7.6,0,0,0,0
581,581,1581,Stockholm6,78,820.1587317340442,265,0.59,0.77,1,7.62,0,0,0,0
582,582,1582,Stockholm6,76,1205.1675876866,40,0.59,0.77,57,7.6,0,0,0,0
583,583,1583,Stockholm6,76,1599.90628372605,34,0.59,0.77,89,7.6,0,0,0,0
584,584,1584,Stockholm6,76,1518.41740041475,42,0.59,0.77,75,7.6,0,0,0,0
585,585,1585,Stockholm6,76,339.396491853911,30,0.59,0.77,75,7.6,0,0,0,0
586,586,1586,Stockholm6,76,1287.67343470437,62,0.59,0.77,70,7.6,0,1,0,0
587,587,1587,Stockholm6,76,3282.3626042145092,45,0.59,0.77,81,7.6,0,0,0,0
588,588,1588,Stockholm6,78,963.0133565862732,343,0.59,0.77,8,7.62,0,0,0,0
589,589,1589,Stockholm6,76,2834.16874108023,85,0.59,0.77,100,7.6,0,0,0,0
590,590,1590,Stockholm6,76,411.37139846699796,47,0.59,0.77,97,7.6,1,0,0,0
591,591,1591,Stockholm6,76,1244.44922157231,19,0.59,0.77,104,7.6,0,0,0,0
592,592,1592,Stockholm6,76,804.676661259833,52,0.59,0.77,66,7.6,0,0,0,0
593,593,1593,Stockholm6,76,254.742786770326,22,0.59,0.77,23,7.6,0,0,0,0
594,594,1594,Stockholm6,78,1248.16439698669,348,0.59,0.77,1,7.62,0,0,0,0
595,595,1595,Stockholm6,78,677.769484298161,287,0.59,0.77,18,7.62,0,0,0,0
596,596,1596,Stockholm6,76,723.5823477593042,32,0.59,0.77,94,7.6,0,0,0,0
597,597,1597,Stockholm6,76,466.123660627708,32,0.59,0.77,45,7.6,0,1,0,0
598,598,1598,Stockholm6,78,1948.3019264101401,239,0.59,0.77,2,7.62,0,1,0,0
599,599,1599,Stockholm6,76,2179.47908693133,65,0.59,0.77,65,7.6,0,0,0,0
600,600,1600,Stockholm7,78,532.234466565591,132,0.59,0.77,8,7.59,0,0,0,0
601,601,1601,Stockholm7,78,7073.578548875191,142,0.59,0.77,48,7.59,0,0,0,0
602,602,1602,Stockholm7,78,167.63211766150602,113,0.59,0.77,12,7.59,0,0,0,0
603,603,1603,Stockholm7,78,454.270575613339,279,0.59,0.77,7,7.59,0,0,0,0
604,604,1604,Stockholm7,78,688.5463026769929,120,0.59,0.77,16,7.59,0,0,1,0
605,605,1605,Stockholm7,78,2075.65374679943,76,0.59,0.77,13,7.59,0,0,0,0
606,606,1606,Stockholm7,78,3131.41054195901,65,0.59,0.77,30,7.59,0,1,0,0
607,607,1607,Stockholm7,76,9015.28565854072,230,0.59,0.77,16,7.6,0,1,0,0
608,608,1608,Stockholm7,78,1278.54174264038,240,0.59,0.77,9,7.59,0,0,0,0
609,609,1609,Stockholm7,78,115.436875386747,100,0.59,0.77,20,7.59,0,0,0,0
610,610,1610,Stockholm7,78,10317.0308673732,200,0.59,0.77,8,7.59,0,0,0,0
611,611,1611,Stockholm7,78,3900.5073002126296,100,0.59,0.77,55,7.59,0,0,0,0
612,612,1612,Stockholm7,78,3212.2610489781105,50,0.59,0.77,17,7.59,0,0,0,0
613,613,1613,Stockholm7,78,72.99670912158399,282,0.59,0.77,9,7.59,0,0,0,0
614,614,1614,Stockholm7,76,9253.418405414492,232,0.59,0.77,9,7.6,0,0,0,0
615,615,1615,Stockholm7,78,321.131209740165,175,0.59,0.77,13,7.59,0,0,0,0
616,616,1616,Stockholm7,78,655.534263852261,153,0.59,0.77,39,7.59,0,0,0,0
617,617,1617,Stockholm7,76,509.127011495692,118,0.59,0.77,23,7.6,0,0,0,0
618,618,1618,Stockholm7,78,6838.9798729269105,73,0.59,0.77,12,7.59,1,0,0,0
619,619,1619,Stockholm7,78,3295.424777360751,146,0.59,0.77,17,7.59,0,0,0,0
620,620,1620,Stockholm7,78,55.0170656573584,73,0.59,0.77,20,7.59,0,0,0,0
621,621,1621,Stockholm7,78,1684.0488571338099,95,0.59,0.77,10,7.59,0,0,0,0
622,622,1622,Stockholm7,78,7382.844534097259,125,0.59,0.77,10,7.59,0,0,0,0
623,623,1623,Stockholm7,78,60.3926337427883,1,0.59,0.77,13,7.59,0,0,0,0
624,624,1624,Stockholm7,78,31.197511989001498,79,0.59,0.77,12,7.59,0,1,0,0
625,625,1625,Stockholm7,78,232.16885471986905,292,0.59,0.77,9,7.59,0,0,0,0
626,626,1626,Stockholm7,78,10090.9115735761,153,0.59,0.77,26,7.59,0,0,0,0
627,627,1627,Stockholm7,78,336.15855443709097,163,0.59,0.77,10,7.59,0,0,0,0
628,628,1628,Stockholm7,78,9133.57721419205,87,0.59,0.77,63,7.59,0,0,0,0
629,629,1629,Stockholm7,78,362.67454183926696,192,0.59,0.77,12,7.59,0,0,0,0
630,630,1630,Stockholm7,76,661.5031103371309,100,0.59,0.77,37,7.6,0,1,0,0
631,631,1631,Stockholm7,78,645.664492525063,90,0.59,0.77,39,7.59,0,1,0,0
632,632,1632,Stockholm7,78,583.894381805095,247,0.59,0.77,20,7.59,0,1,0,0
633,633,1633,Stockholm7,78,1453.77536613778,174,0.59,0.77,29,7.59,0,0,0,0
634,634,1634,Stockholm7,78,4623.654806574729,71,0.59,0.77,16,7.59,0,0,0,0
635,635,1635,Stockholm7,78,769.35210829823,169,0.59,0.77,13,7.59,0,0,0,0
636,636,1636,Stockholm7,78,9942.82805519334,108,0.59,0.77,54,7.59,1,0,0,0
637,637,1637,Stockholm7,78,18.581181610713802,125,0.59,0.77,21,7.59,0,0,0,0
638,638,1638,Stockholm7,78,1645.0090433522698,188,0.59,0.77,7,7.59,0,1,0,0
639,639,1639,Stockholm7,78,1454.13705590121,58,0.59,0.77,50,7.59,0,0,0,0
640,640,1640,Stockholm7,78,661.851362571923,259,0.59,0.77,23,7.59,0,0,0,0
641,641,1641,Stockholm7,78,6444.5016814378105,140,0.59,0.77,29,7.59,0,0,0,0
642,642,1642,Stockholm7,78,6220.01135014225,130,0.59,0.77,3,7.59,0,1,0,0
643,643,1643,Stockholm7,78,2512.61929980363,20,0.59,0.77,16,7.59,0,0,0,0
644,644,1644,Stockholm7,78,278.98998269207,117,0.59,0.77,9,7.59,0,1,0,0
645,645,1645,Stockholm7,78,929.5575550967708,201,0.59,0.77,10,7.59,0,0,0,0
646,646,1646,Stockholm7,78,298.455873275081,107,0.59,0.77,6,7.59,0,0,1,0
647,647,1647,Stockholm7,78,434.8242293101789,167,0.59,0.77,2,7.59,0,0,0,0
648,648,1648,Stockholm7,78,674.939734404697,44,0.59,0.77,51,7.59,0,0,0,0
649,649,1649,Stockholm7,76,797.709402453475,76,0.59,0.77,34,7.6,0,0,0,0
650,650,1650,Stockholm7,78,2613.18520375183,55,0.59,0.77,28,7.59,0,0,0,0
651,651,1651,Stockholm7,78,339.45538197456904,144,0.59,0.77,12,7.59,0,0,0,0
652,652,1652,Stockholm7,78,1856.56355511633,40,0.59,0.77,54,7.59,0,0,0,0
653,653,1653,Stockholm7,76,237.97067745370398,289,0.59,0.77,11,7.6,0,1,0,0
654,654,1654,Stockholm7,78,286.423765694752,137,0.59,0.77,9,7.59,0,0,0,0
655,655,1655,Stockholm7,78,1389.39698086681,131,0.59,0.77,47,7.59,0,0,0,0
656,656,1656,Stockholm7,76,1537.10884046948,275,0.59,0.77,10,7.6,0,0,0,0
657,657,1657,Stockholm7,76,5410.284913387821,68,0.59,0.77,35,7.6,0,0,0,0
658,658,1658,Stockholm7,78,48.47719376201589,7,0.59,0.77,46,7.59,0,0,0,0
659,659,1659,Stockholm7,78,710.964879587614,198,0.59,0.77,33,7.59,0,0,0,0
660,660,1660,Stockholm7,78,2643.95204157261,89,0.59,0.77,20,7.59,0,0,0,0
661,661,1661,Stockholm7,78,691.767269253165,80,0.59,0.77,7,7.59,0,0,0,0
662,662,1662,Stockholm7,78,142.545935717592,98,0.59,0.77,35,7.59,0,0,0,0
663,663,1663,Stockholm7,78,550.935485623374,231,0.59,0.77,7,7.59,0,0,0,0
664,664,1664,Stockholm7,78,1772.95861300693,135,0.59,0.77,25,7.59,0,1,0,0
665,665,1665,Stockholm7,78,35.112358130051604,0,0.59,0.77,55,7.59,0,0,0,0
666,666,1666,Stockholm7,76,4533.45289417857,76,0.59,0.77,32,7.6,0,1,0,0
667,667,1667,Stockholm7,78,8686.42090782318,145,0.59,0.77,18,7.59,0,0,0,0
668,668,1668,Stockholm7,78,6172.83199031939,75,0.59,0.77,12,7.59,0,0,0,0
669,669,1669,Stockholm7,76,5494.90697469974,287,0.59,0.77,4,7.6,0,0,0,0
670,670,1670,Stockholm7,78,23.0769952539356,0,0.59,0.77,21,7.59,0,0,0,0
671,671,1671,Stockholm7,78,1969.1677481187398,33,0.59,0.77,40,7.59,0,0,0,0
672,672,1672,Stockholm7,78,39.9151707711571,53,0.59,0.77,43,7.59,0,0,0,0
673,673,1673,Stockholm7,78,537.2511965501541,184,0.59,0.77,13,7.59,0,0,0,0
674,674,1674,Stockholm7,78,2600.6318200022197,99,0.59,0.77,3,7.59,0,1,0,0
675,675,1675,Stockholm7,78,7174.149912462329,173,0.59,0.77,27,7.59,0,0,0,0
676,676,1676,Stockholm7,78,38.740948085313704,2,0.59,0.77,50,7.59,0,0,0,0
677,677,1677,Stockholm7,76,829.420783123811,717,0.59,0.77,0,7.6,0,0,0,0
678,678,1678,Stockholm7,78,415.444035674887,101,0.59,0.77,23,7.59,0,0,0,0
679,679,1679,Stockholm7,78,316.491939303228,143,0.59,0.77,7,7.59,0,0,0,0
680,680,1680,Stockholm7,78,5385.915793073839,156,0.59,0.77,51,7.59,0,0,1,0
681,681,1681,Stockholm7,76,677.552672585177,100,0.59,0.77,37,7.6,0,0,0,0
682,682,1682,Stockholm7,78,4646.53445654466,77,0.59,0.77,18,7.59,0,0,0,0
683,683,1683,Stockholm7,78,7929.270619398028,229,0.59,0.77,13,7.59,0,0,0,0
684,684,1684,Stockholm7,78,641.091074152886,154,0.59,0.77,55,7.59,1,0,0,0
685,685,1685,Stockholm7,78,3259.22053277867,68,0.59,0.77,19,7.59,0,0,0,1
686,686,1686,Stockholm7,78,1190.00861784736,135,0.59,0.77,28,7.59,0,0,0,0
687,687,1687,Stockholm7,78,1395.66983004238,131,0.59,0.77,47,7.59,0,0,0,0
688,688,1688,Stockholm7,78,5941.666861196862,142,0.59,0.77,33,7.59,0,0,0,0
689,689,1689,Stockholm7,78,959.715615286868,26,0.59,0.77,13,7.59,0,0,0,0
690,690,1690,Stockholm7,76,5293.50027699093,93,0.59,0.77,37,7.6,0,0,0,1
691,691,1691,Stockholm7,78,13.029082028401199,1,0.59,0.77,25,7.59,0,1,0,0
692,692,1692,Stockholm7,78,528.281170054589,187,0.59,0.77,14,7.59,0,0,0,0
693,693,1693,Stockholm7,78,2668.10182275267,116,0.59,0.77,5,7.59,0,0,0,0
694,694,1694,Stockholm7,76,3881.319511745421,121,0.59,0.77,22,7.6,0,0,0,0
695,695,1695,Stockholm7,78,2151.99633250489,97,0.59,0.77,8,7.59,0,0,0,0
696,696,1696,Stockholm7,76,11762.604377681299,261,0.59,0.77,11,7.6,0,0,0,0
697,697,1697,Stockholm7,78,583.195072924606,87,0.59,0.77,32,7.59,0,0,0,0
698,698,1698,Stockholm7,78,3613.1439867062104,316,0.59,0.77,3,7.59,0,0,0,0
699,699,1699,Stockholm7,78,304.474950313435,182,0.59,0.77,7,7.59,0,0,0,0
700,700,1700,Stockholm8,77,6075.58734741718,194,0.59,0.77,12,7.65,0,0,1,0
701,701,1701,Stockholm8,77,4659.91508872796,158,0.59,0.77,4,7.65,0,0,0,0
702,702,1702,Stockholm8,77,5315.850032767999,57,0.59,0.77,34,7.65,0,0,0,0
703,703,1703,Stockholm8,77,118.205997085391,125,0.59,0.77,13,7.65,0,1,0,0
704,704,1704,Stockholm8,77,8715.415823708729,314,0.59,0.77,3,7.65,0,0,0,0
705,705,1705,Stockholm8,78,3112.34849293987,126,0.59,0.77,7,7.64,0,0,0,0
706,706,1706,Stockholm8,77,2715.82808859939,122,0.59,0.77,27,7.65,0,0,0,0
707,707,1707,Stockholm8,77,5273.40636451157,92,0.59,0.77,45,7.65,0,1,0,0
708,708,1708,Stockholm8,78,4745.37973043756,138,0.59,0.77,14,7.64,0,0,0,0
709,709,1709,Stockholm8,78,2938.75596978972,72,0.59,0.77,28,7.64,0,0,0,0
710,710,1710,Stockholm8,77,5483.10210232508,464,0.59,0.77,3,7.65,0,0,0,0
711,711,1711,Stockholm8,77,3177.6734852334803,269,0.59,0.77,9,7.65,0,1,0,0
712,712,1712,Stockholm8,78,5814.46249892213,86,0.59,0.77,45,7.64,0,0,0,0
713,713,1713,Stockholm8,77,283.275741487767,44,0.59,0.77,19,7.65,0,0,0,0
714,714,1714,Stockholm8,77,23.2512140883683,252,0.59,0.77,5,7.65,0,0,0,0
715,715,1715,Stockholm8,77,408.64653008355003,59,0.59,0.77,18,7.65,0,0,0,0
716,716,1716,Stockholm8,77,11433.2020775943,156,0.59,0.77,12,7.65,0,0,0,0
717,717,1717,Stockholm8,77,4945.84183776003,130,0.59,0.77,23,7.65,0,0,0,0
718,718,1718,Stockholm8,78,1196.23541081239,67,0.59,0.77,23,7.64,0,0,0,0
719,719,1719,Stockholm8,77,4690.07077664937,61,0.59,0.77,55,7.65,0,0,0,0
720,720,1720,Stockholm8,78,1287.4504619865304,68,0.59,0.77,23,7.64,0,0,0,0
721,721,1721,Stockholm8,77,38.2625096989879,117,0.59,0.77,29,7.65,0,0,0,0
722,722,1722,Stockholm8,77,230.58092595425202,116,0.59,0.77,27,7.65,0,0,0,0
723,723,1723,Stockholm8,77,5541.38285509781,81,0.59,0.77,16,7.65,0,0,0,0
724,724,1724,Stockholm8,77,3320.14342091933,131,0.59,0.77,27,7.65,0,0,0,0
725,725,1725,Stockholm8,77,79.34837576936621,41,0.59,0.77,49,7.65,0,0,0,0
726,726,1726,Stockholm8,78,100.702191430698,151,0.59,0.77,32,7.64,0,0,0,0
727,727,1727,Stockholm8,77,2112.75242710832,67,0.59,0.77,24,7.65,0,0,1,0
728,728,1728,Stockholm8,77,61.7302308975111,215,0.59,0.77,6,7.65,0,0,0,0
729,729,1729,Stockholm8,77,67.7970219150217,207,0.59,0.77,15,7.65,0,0,0,1
730,730,1730,Stockholm8,77,6710.630260461108,147,0.59,0.77,5,7.65,0,0,0,0
731,731,1731,Stockholm8,78,2922.40312211729,149,0.59,0.77,26,7.64,0,0,0,0
732,732,1732,Stockholm8,77,59.545129168420715,64,0.59,0.77,28,7.65,0,0,0,0
733,733,1733,Stockholm8,77,522.246567868227,253,0.59,0.77,9,7.65,0,0,0,0
734,734,1734,Stockholm8,77,518.83272871895,115,0.59,0.77,7,7.65,0,0,0,0
735,735,1735,Stockholm8,78,25.279484055408503,1,0.59,0.77,46,7.64,0,0,0,0
736,736,1736,Stockholm8,77,3211.56544390262,316,0.59,0.77,6,7.65,0,0,0,0
737,737,1737,Stockholm8,77,5760.88983194187,98,0.59,0.77,38,7.65,0,0,0,0
738,738,1738,Stockholm8,77,649.151813775194,198,0.59,0.77,8,7.65,0,0,0,1
739,739,1739,Stockholm8,77,5322.11042810472,117,0.59,0.77,18,7.65,0,0,0,0
740,740,1740,Stockholm8,78,2506.1307869124303,232,0.59,0.77,25,7.64,0,0,0,0
741,741,1741,Stockholm8,78,8718.69580967111,101,0.59,0.77,35,7.64,0,0,0,0
742,742,1742,Stockholm8,78,484.749070516727,111,0.59,0.77,51,7.64,0,0,0,0
743,743,1743,Stockholm8,77,1137.86999381974,100,0.59,0.77,24,7.65,0,0,0,0
744,744,1744,Stockholm8,77,316.215763346726,340,0.59,0.77,12,7.65,0,0,0,0
745,745,1745,Stockholm8,77,53.0426181163764,89,0.59,0.77,20,7.65,0,0,0,0
746,746,1746,Stockholm8,77,3448.16330018594,31,0.59,0.77,24,7.65,0,0,0,0
747,747,1747,Stockholm8,77,1768.6677335962302,46,0.59,0.77,10,7.65,0,0,0,0
748,748,1748,Stockholm8,77,3049.73469237969,235,0.59,0.77,16,7.65,0,0,0,0
749,749,1749,Stockholm8,77,4274.902126004021,78,0.59,0.77,42,7.65,0,0,0,0
750,750,1750,Stockholm8,78,73.3040823346628,69,0.59,0.77,11,7.64,0,0,0,0
751,751,1751,Stockholm8,77,461.960624877161,154,0.59,0.77,6,7.65,0,0,0,0
752,752,1752,Stockholm8,78,49.9076124976884,179,0.59,0.77,11,7.64,0,1,0,0
753,753,1753,Stockholm8,77,3150.9184617501196,95,0.59,0.77,35,7.65,0,0,1,0
754,754,1754,Stockholm8,77,7037.144083403009,115,0.59,0.77,29,7.65,0,0,0,0
755,755,1755,Stockholm8,77,2854.3618626265693,250,0.59,0.77,14,7.65,0,0,0,0
756,756,1756,Stockholm8,77,306.54425264492994,207,0.59,0.77,24,7.65,0,0,0,0
757,757,1757,Stockholm8,77,927.6041752324139,70,0.59,0.77,10,7.65,0,0,0,0
758,758,1758,Stockholm8,77,2157.80957562662,77,0.59,0.77,16,7.65,0,1,0,0
759,759,1759,Stockholm8,77,4506.08844842332,70,0.59,0.77,18,7.65,0,0,0,0
760,760,1760,Stockholm8,78,5339.88101174008,152,0.59,0.77,11,7.64,0,0,0,0
761,761,1761,Stockholm8,77,4050.6613118684804,109,0.59,0.77,38,7.65,0,0,0,0
762,762,1762,Stockholm8,78,4631.8088368131,105,0.59,0.77,55,7.64,0,0,0,0
763,763,1763,Stockholm8,78,4591.86784488083,81,0.59,0.77,21,7.64,0,0,1,0
764,764,1764,Stockholm8,78,299.896369754561,196,0.59,0.77,6,7.64,0,1,0,0
765,765,1765,Stockholm8,77,1743.41622402053,9,0.59,0.77,21,7.65,0,1,0,0
766,766,1766,Stockholm8,77,3243.11527012247,250,0.59,0.77,17,7.65,0,0,0,0
767,767,1767,Stockholm8,77,20343.7754752723,48,0.59,0.77,24,7.65,0,0,0,0
768,768,1768,Stockholm8,77,12.278058520139695,35,0.59,0.77,23,7.65,0,0,0,0
769,769,1769,Stockholm8,78,71.79212308512291,76,0.59,0.77,11,7.64,0,0,0,0
770,770,1770,Stockholm8,77,274.74194063214003,54,0.59,0.77,16,7.65,0,0,0,0
771,771,1771,Stockholm8,77,8860.8922658235,128,0.59,0.77,24,7.65,0,0,0,0
772,772,1772,Stockholm8,77,18.258447690173,84,0.59,0.77,19,7.65,0,1,0,0
773,773,1773,Stockholm8,77,11887.6789792944,237,0.59,0.77,6,7.65,0,0,1,0
774,774,1774,Stockholm8,78,3365.4993161744396,95,0.59,0.77,34,7.64,0,0,0,0
775,775,1775,Stockholm8,78,4822.73079881445,108,0.59,0.77,42,7.64,0,0,0,0
776,776,1776,Stockholm8,77,5117.4072098347715,130,0.59,0.77,27,7.65,0,0,0,0
777,777,1777,Stockholm8,77,2427.48778218493,93,0.59,0.77,13,7.65,0,0,0,0
778,778,1778,Stockholm8,77,211.305996480769,123,0.59,0.77,17,7.65,0,0,0,0
779,779,1779,Stockholm8,77,33.595080904755,62,0.59,0.77,30,7.65,0,0,0,0
780,780,1780,Stockholm8,77,1837.7291801135896,114,0.59,0.77,17,7.65,0,0,0,0
781,781,1781,Stockholm8,77,1014.9293957877801,175,0.59,0.77,12,7.65,0,0,0,0
782,782,1782,Stockholm8,78,44.2454657357794,0,0.59,0.77,11,7.64,0,0,0,0
783,783,1783,Stockholm8,78,1901.3808108335002,41,0.59,0.77,47,7.64,0,0,0,0
784,784,1784,Stockholm8,78,248.93492171612004,72,0.59,0.77,25,7.64,0,0,0,0
785,785,1785,Stockholm8,77,4947.30270018186,96,0.59,0.77,12,7.65,0,0,0,0
786,786,1786,Stockholm8,77,52.982682149280386,101,0.59,0.77,27,7.65,0,0,0,0
787,787,1787,Stockholm8,77,2249.76434176893,70,0.59,0.77,26,7.65,0,0,0,0
788,788,1788,Stockholm8,77,2783.90935202689,137,0.59,0.77,14,7.65,0,0,0,0
789,789,1789,Stockholm8,77,6642.97063077421,138,0.59,0.77,22,7.65,0,1,0,0
790,790,1790,Stockholm8,78,383.38720561712404,274,0.59,0.77,5,7.64,0,1,0,0
791,791,1791,Stockholm8,78,7900.10046512029,169,0.59,0.77,27,7.64,0,0,0,0
792,792,1792,Stockholm8,77,32.1328271209155,74,0.59,0.77,25,7.65,0,0,0,0
793,793,1793,Stockholm8,78,4485.11847840282,109,0.59,0.77,51,7.64,0,0,0,0
794,794,1794,Stockholm8,78,3125.70141508985,160,0.59,0.77,8,7.64,0,1,0,0
795,795,1795,Stockholm8,78,478.534673472539,92,0.59,0.77,37,7.64,0,0,0,0
796,796,1796,Stockholm8,77,2234.8601236578797,70,0.59,0.77,26,7.65,0,1,0,0
797,797,1797,Stockholm8,77,4272.05840435113,55,0.59,0.77,46,7.65,0,0,0,0
798,798,1798,Stockholm8,77,866.029044872435,19,0.59,0.77,24,7.65,0,0,0,0
799,799,1799,Stockholm8,77,1113.9640186863198,21,0.59,0.77,19,7.65,0,1,0,0
800,800,1800,Stockholm9,78,386.228284575034,251,0.59,0.77,4,7.65,0,0,0,0
801,801,1801,Stockholm9,78,1136.8299822460901,125,0.59,0.77,2,7.6,0,1,0,0
802,802,1802,Stockholm9,78,85.5733696345039,607,0.59,0.77,0,7.6,0,0,0,0
803,803,1803,Stockholm9,78,1385.16967023249,566,0.59,0.77,0,7.6,0,0,0,0
804,804,1804,Stockholm9,78,413.2896864802591,112,0.59,0.77,7,7.65,0,0,0,0
805,805,1805,Stockholm9,78,747.8264116797,303,0.59,0.77,2,7.6,0,0,0,0
806,806,1806,Stockholm9,78,571.730144855855,305,0.59,0.77,2,7.65,0,0,0,0
807,807,1807,Stockholm9,78,506.90731925227095,457,0.59,0.77,1,7.6,0,0,0,0
808,808,1808,Stockholm9,78,372.858493357312,637,0.59,0.77,0,7.65,0,0,1,0
809,809,1809,Stockholm9,78,538.3445346392961,144,0.59,0.77,3,7.65,0,0,0,0
810,810,1810,Stockholm9,78,1098.66885578913,191,0.59,0.77,8,7.65,0,1,0,0
811,811,1811,Stockholm9,78,27.072649763217306,101,0.59,0.77,2,7.6,0,0,0,0
812,812,1812,Stockholm9,78,749.4383436395,875,0.59,0.77,0,7.65,0,0,0,0
813,813,1813,Stockholm9,78,463.137391011828,299,0.59,0.77,3,7.6,0,0,1,0
814,814,1814,Stockholm9,78,496.19639026320505,133,0.59,0.77,9,7.6,0,0,0,0
815,815,1815,Stockholm9,78,409.14707236134,541,0.59,0.77,0,7.65,0,0,0,0
816,816,1816,Stockholm9,78,159.771250756233,938,0.59,0.77,0,7.65,0,0,0,0
817,817,1817,Stockholm9,78,436.087202444751,112,0.59,0.77,6,7.6,0,0,0,0
818,818,1818,Stockholm9,78,429.3683506632231,73,0.59,0.77,6,7.65,0,0,1,0
819,819,1819,Stockholm9,78,510.8386415026091,21,0.59,0.77,7,7.6,0,0,0,0
820,820,1820,Stockholm9,78,695.320869482047,290,0.59,0.77,2,7.65,0,0,0,1
821,821,1821,Stockholm9,78,1121.30770907935,216,0.59,0.77,4,7.65,0,0,0,0
822,822,1822,Stockholm9,78,525.303198155727,180,0.59,0.77,7,7.6,0,0,0,0
823,823,1823,Stockholm9,78,424.62300790389503,862,0.59,0.77,0,7.65,0,0,0,0
824,824,1824,Stockholm9,78,429.7646754928901,247,0.59,0.77,4,7.65,0,0,0,0
825,825,1825,Stockholm9,78,432.032799886463,367,0.59,0.77,1,7.6,0,0,0,1
826,826,1826,Stockholm9,78,2917.18552601156,305,0.59,0.77,6,7.65,0,1,0,0
827,827,1827,Stockholm9,78,488.801212242835,110,0.59,0.77,8,7.65,0,0,0,0
828,828,1828,Stockholm9,78,2520.88713346441,314,0.59,0.77,3,7.65,0,0,0,0
829,829,1829,Stockholm9,78,293.011014366889,960,0.59,0.77,0,7.65,0,0,0,0
830,830,1830,Stockholm9,78,514.1170691208159,22,0.59,0.77,10,7.6,0,0,0,0
831,831,1831,Stockholm9,78,1047.54708270769,211,0.59,0.77,6,7.65,0,1,0,0
832,832,1832,Stockholm9,78,1058.17813923282,513,0.59,0.77,0,7.6,0,0,0,0
833,833,1833,Stockholm9,78,78.56139729847399,83,0.59,0.77,11,7.65,0,0,0,0
834,834,1834,Stockholm9,78,6984.42874452611,706,0.59,0.77,0,7.65,0,0,0,0
835,835,1835,Stockholm9,78,353.531696912845,238,0.59,0.77,2,7.6,0,0,0,0
836,836,1836,Stockholm9,78,534.826050942923,96,0.59,0.77,11,7.65,0,1,0,0
837,837,1837,Stockholm9,78,997.5357622913721,88,0.59,0.77,10,7.65,1,0,0,0
838,838,1838,Stockholm9,78,550.825197261098,637,0.59,0.77,0,7.65,0,0,0,0
839,839,1839,Stockholm9,78,444.577371772553,184,0.59,0.77,4,7.65,0,0,0,0
840,840,1840,Stockholm9,78,397.798781998197,208,0.59,0.77,4,7.65,0,1,0,0
841,841,1841,Stockholm9,78,482.6160065988829,183,0.59,0.77,7,7.6,0,0,0,0
842,842,1842,Stockholm9,78,453.658235765079,134,0.59,0.77,8,7.6,0,0,0,0
843,843,1843,Stockholm9,78,1652.10976967732,129,0.59,0.77,4,7.65,0,0,0,0
844,844,1844,Stockholm9,78,823.3491059930327,283,0.59,0.77,7,7.6,0,0,0,1
845,845,1845,Stockholm9,78,728.6053563766679,155,0.59,0.77,4,7.65,0,0,0,0
846,846,1846,Stockholm9,78,7316.33172773384,131,0.59,0.77,3,7.6,0,0,0,0
847,847,1847,Stockholm9,78,904.590664075406,256,0.59,0.77,2,7.65,0,0,0,1
848,848,1848,Stockholm9,78,441.047311017563,397,0.59,0.77,3,7.65,0,0,0,0
849,849,1849,Stockholm9,78,25.865812357175198,352,0.59,0.77,2,7.6,0,0,1,0
850,850,1850,Stockholm9,78,1605.35087594987,102,0.59,0.77,10,7.6,0,0,0,0
851,851,1851,Stockholm9,78,449.86188966666396,57,0.59,0.77,11,7.65,0,0,0,0
852,852,1852,Stockholm9,78,828.968767345427,267,0.59,0.77,6,7.6,0,0,0,0
853,853,1853,Stockholm9,78,849.2376232531261,835,0.59,0.77,0,7.65,0,0,1,0
854,854,1854,Stockholm9,78,1012.7532213342099,229,0.59,0.77,7,7.6,0,1,0,0
855,855,1855,Stockholm9,78,1554.9112345879998,98,0.59,0.77,1,7.65,0,0,0,0
856,856,1856,Stockholm9,78,415.933169202609,596,0.59,0.77,0,7.6,0,0,0,0
857,857,1857,Stockholm9,78,9448.604973539379,502,0.59,0.77,0,7.6,0,0,0,0
858,858,1858,Stockholm9,78,277.247387268033,190,0.59,0.77,2,7.6,0,0,0,0
859,859,1859,Stockholm9,78,301.569886012288,893,0.59,0.77,0,7.65,0,0,0,0
860,860,1860,Stockholm9,78,479.557440753778,114,0.59,0.77,9,7.6,0,0,0,0
861,861,1861,Stockholm9,78,644.368569201531,293,0.59,0.77,7,7.6,0,0,0,0
862,862,1862,Stockholm9,78,588.9167231849369,85,0.59,0.77,13,7.65,0,0,0,0
863,863,1863,Stockholm9,78,6858.773172884929,569,0.59,0.77,0,7.65,0,0,0,0
864,864,1864,Stockholm9,78,1251.38013238994,93,0.59,0.77,11,7.65,0,0,0,0
865,865,1865,Stockholm9,78,408.67806634127686,1075,0.59,0.77,0,7.65,0,1,0,0
866,866,1866,Stockholm9,78,399.606462667772,179,0.59,0.77,7,7.65,0,0,0,0
867,867,1867,Stockholm9,78,1120.3136992953998,159,0.59,0.77,8,7.65,0,1,0,0
868,868,1868,Stockholm9,78,410.87784024005,316,0.59,0.77,4,7.65,0,0,0,0
869,869,1869,Stockholm9,78,60.54401751165261,219,0.59,0.77,2,7.65,0,1,0,0
870,870,1870,Stockholm9,78,426.711267645168,260,0.59,0.77,4,7.6,0,0,0,0
871,871,1871,Stockholm9,78,1050.5139120115302,628,0.59,0.77,0,7.6,0,0,0,0
872,872,1872,Stockholm9,78,834.677457673878,343,0.59,0.77,2,7.65,0,0,0,0
873,873,1873,Stockholm9,78,970.132935784674,95,0.59,0.77,2,7.6,0,1,0,0
874,874,1874,Stockholm9,78,440.040476289206,181,0.59,0.77,12,7.6,0,0,0,0
875,875,1875,Stockholm9,78,946.640702443147,305,0.59,0.77,3,7.65,0,0,0,0
876,876,1876,Stockholm9,78,853.5847828087352,176,0.59,0.77,11,7.6,0,0,0,0
877,877,1877,Stockholm9,78,713.115588985782,333,0.59,0.77,2,7.6,0,0,0,0
878,878,1878,Stockholm9,78,1374.00601059064,1012,0.59,0.77,0,7.65,0,0,0,0
879,879,1879,Stockholm9,78,20.133523716318106,240,0.59,0.77,2,7.6,0,0,0,0
880,880,1880,Stockholm9,78,842.205382154173,928,0.59,0.77,0,7.65,0,0,0,0
881,881,1881,Stockholm9,78,251.031516335779,227,0.59,0.77,3,7.65,0,1,0,0
882,882,1882,Stockholm9,78,454.42510135915114,163,0.59,0.77,3,7.65,0,0,0,0
883,883,1883,Stockholm9,78,804.115380864127,215,0.59,0.77,7,7.6,0,0,0,0
884,884,1884,Stockholm9,78,132.644311900535,277,0.59,0.77,1,7.65,0,0,0,0
885,885,1885,Stockholm9,78,471.601938155708,101,0.59,0.77,2,7.65,0,0,0,0
886,886,1886,Stockholm9,78,460.01646447050905,19,0.59,0.77,9,7.65,0,0,0,0
887,887,1887,Stockholm9,78,439.3709525960141,91,0.59,0.77,8,7.65,0,0,0,0
888,888,1888,Stockholm9,78,451.688781258805,830,0.59,0.77,0,7.65,0,0,0,0
889,889,1889,Stockholm9,78,3616.27504563924,65,0.59,0.77,1,7.6,1,0,0,0
890,890,1890,Stockholm9,78,391.39978966431397,177,0.59,0.77,4,7.65,0,1,0,0
891,891,1891,Stockholm9,78,38.5589089924811,253,0.59,0.77,3,7.6,0,0,0,0
892,892,1892,Stockholm9,78,1059.14579665888,160,0.59,0.77,2,7.6,0,0,0,0
893,893,1893,Stockholm9,78,295.982314033292,608,0.59,0.77,0,7.65,0,0,0,0
894,894,1894,Stockholm9,78,1407.91535189936,722,0.59,0.77,0,7.65,0,1,0,0
895,895,1895,Stockholm9,78,741.763097942638,1036,0.59,0.77,0,7.65,0,0,1,0
896,896,1896,Stockholm9,78,894.660758194537,286,0.59,0.77,12,7.6,0,0,0,0
897,897,1897,Stockholm9,78,995.494722914985,374,0.59,0.77,2,7.65,0,0,0,0
898,898,1898,Stockholm9,78,114.670654881725,657,0.59,0.77,0,7.65,0,0,0,0
899,899,1899,Stockholm9,78,871.971420369213,131,0.59,0.77,8,7.65,0,0,0,0
900,900,1900,Stockholm10,77,486.403177315507,259,0.6,0.77,13,7.64,0,0,0,0
901,901,1901,Stockholm10,77,48.663724383106896,790,0.6,0.77,0,7.61,0,0,0,0
902,902,1902,Stockholm10,77,48.214553314911896,479,0.6,0.76,1,7.67,0,0,0,0
903,903,1903,Stockholm10,77,128.72877026554,1130,0.6,0.77,0,7.61,0,0,0,0
904,904,1904,Stockholm10,77,81.3736369677458,994,0.6,0.77,0,7.61,0,0,0,0
905,905,1905,Stockholm10,77,231.04232849374299,500,0.6,0.76,0,7.67,0,0,0,0
906,906,1906,Stockholm10,77,699.52654805095,159,0.6,0.76,6,7.67,0,0,0,0
907,907,1907,Stockholm10,77,26.342736940416998,805,0.6,0.77,0,7.61,0,1,0,0
908,908,1908,Stockholm10,77,129.19977891196,271,0.6,0.77,1,7.61,0,0,0,0
909,909,1909,Stockholm10,77,157.11269292244,623,0.6,0.77,0,7.61,0,0,0,0
910,910,1910,Stockholm10,77,362.0162136039071,60,0.6,0.76,2,7.67,0,1,0,0
911,911,1911,Stockholm10,77,287.07403713599604,327,0.6,0.76,3,7.67,0,0,0,0
912,912,1912,Stockholm10,77,585.3983955762719,244,0.6,0.76,3,7.67,0,0,0,0
913,913,1913,Stockholm10,77,60.79864130469901,517,0.6,0.77,0,7.61,0,0,0,0
914,914,1914,Stockholm10,77,131.60694236473802,874,0.6,0.77,0,7.61,0,0,0,0
915,915,1915,Stockholm10,77,143.727904199143,632,0.6,0.77,0,7.61,0,0,0,0
916,916,1916,Stockholm10,77,105.121497427584,830,0.6,0.77,0,7.61,0,0,0,0
917,917,1917,Stockholm10,77,453.984935918655,90,0.6,0.76,3,7.67,0,0,0,0
918,918,1918,Stockholm10,77,342.728756349307,90,0.6,0.77,13,7.64,0,0,0,0
919,919,1919,Stockholm10,77,138.810979372862,609,0.6,0.77,0,7.61,0,0,0,0
920,920,1920,Stockholm10,77,12.8448176391213,468,0.6,0.77,1,7.61,0,0,0,0
921,921,1921,Stockholm10,77,540.337628612523,218,0.6,0.76,2,7.67,0,0,0,0
922,922,1922,Stockholm10,77,50.5941267379324,171,0.6,0.76,3,7.67,0,0,0,0
923,923,1923,Stockholm10,77,111.47737681251101,1092,0.6,0.77,0,7.61,0,0,0,0
924,924,1924,Stockholm10,77,1406.68860805877,43,0.6,0.77,6,7.6,0,0,0,0
925,925,1925,Stockholm10,77,60.4335407743457,1188,0.6,0.77,0,7.61,0,0,0,0
926,926,1926,Stockholm10,77,32.895427458929895,1004,0.6,0.77,0,7.61,0,0,0,0
927,927,1927,Stockholm10,77,25.546434556751297,1079,0.6,0.77,0,7.61,0,0,0,0
928,928,1928,Stockholm10,77,85.3851099025038,587,0.6,0.77,0,7.6,0,0,0,0
929,929,1929,Stockholm10,77,31.6610004827293,669,0.6,0.77,0,7.61,0,0,0,0
930,930,1930,Stockholm10,77,155.899297121893,349,0.6,0.76,5,7.67,0,0,0,0
931,931,1931,Stockholm10,77,24.18209027636361,271,0.6,0.76,3,7.67,0,0,0,0
932,932,1932,Stockholm10,77,162.591458930352,441,0.6,0.77,1,7.61,0,0,0,0
933,933,1933,Stockholm10,77,112.440388964019,624,0.6,0.77,0,7.61,0,0,0,0
934,934,1934,Stockholm10,77,26.8190096565234,1132,0.6,0.77,0,7.61,0,1,0,0
935,935,1935,Stockholm10,77,104.52793977982,99,0.6,0.76,5,7.67,0,0,0,0
936,936,1936,Stockholm10,77,33.5394477395033,198,0.6,0.76,3,7.67,0,0,0,0
937,937,1937,Stockholm10,77,94.30030617694,516,0.6,0.77,0,7.61,0,0,1,0
938,938,1938,Stockholm10,77,97.80010237790769,662,0.6,0.77,0,7.6,0,0,0,0
939,939,1939,Stockholm10,77,137.704705578279,1225,0.6,0.77,0,7.61,0,0,0,0
940,940,1940,Stockholm10,77,305.589939523444,367,0.6,0.77,1,7.6,0,0,0,1
941,941,1941,Stockholm10,77,134.58819709412398,628,0.6,0.77,0,7.6,0,0,0,0
942,942,1942,Stockholm10,77,2139.24698004355,303,0.6,0.76,2,7.67,0,0,0,0
943,943,1943,Stockholm10,77,34.9030014855277,766,0.6,0.77,0,7.61,0,0,0,0
944,944,1944,Stockholm10,77,99.31497328231407,148,0.6,0.77,1,7.61,0,1,0,0
945,945,1945,Stockholm10,77,103.766253221674,441,0.6,0.77,1,7.61,0,0,0,0
946,946,1946,Stockholm10,77,156.15579063168698,1007,0.6,0.77,0,7.61,0,0,0,0
947,947,1947,Stockholm10,77,371.95815417581,204,0.6,0.77,14,7.64,0,1,0,0
948,948,1948,Stockholm10,77,148.324073174986,924,0.6,0.77,0,7.61,0,0,0,0
949,949,1949,Stockholm10,77,43.712475783234794,434,0.6,0.77,1,7.61,0,0,0,0
950,950,1950,Stockholm10,77,182.989508963395,546,0.6,0.77,0,7.61,0,0,0,0
951,951,1951,Stockholm10,77,110.21107885983999,774,0.6,0.77,0,7.61,0,0,0,0
952,952,1952,Stockholm10,77,270.109872033739,466,0.6,0.76,2,7.67,0,0,0,0
953,953,1953,Stockholm10,77,156.468878335886,850,0.6,0.77,0,7.61,0,0,0,0
954,954,1954,Stockholm10,77,100.364871975571,724,0.6,0.77,0,7.61,0,1,0,0
955,955,1955,Stockholm10,77,170.950366440383,385,0.6,0.76,5,7.67,0,0,0,0
956,956,1956,Stockholm10,77,102.562512370135,339,0.6,0.77,1,7.61,0,0,0,0
957,957,1957,Stockholm10,77,1080.51762192051,127,0.6,0.77,18,7.64,0,0,0,0
958,958,1958,Stockholm10,77,110.805794027369,773,0.6,0.77,0,7.61,0,0,0,0
959,959,1959,Stockholm10,77,576.763755985867,89,0.6,0.77,14,7.64,0,0,0,0
960,960,1960,Stockholm10,77,138.692968447418,1077,0.6,0.77,0,7.61,0,0,0,0
961,961,1961,Stockholm10,77,59.2549918900609,95,0.6,0.77,1,7.61,0,0,0,0
962,962,1962,Stockholm10,77,266.135748125751,197,0.6,0.76,3,7.67,0,1,0,0
963,963,1963,Stockholm10,77,14.5957934435265,326,0.6,0.77,1,7.61,0,0,0,0
964,964,1964,Stockholm10,77,132.859608077175,612,0.6,0.77,0,7.61,0,0,0,0
965,965,1965,Stockholm10,77,29.075811543327106,426,0.6,0.76,1,7.67,0,0,0,0
966,966,1966,Stockholm10,77,360.903208464366,120,0.6,0.77,13,7.64,1,0,0,0
967,967,1967,Stockholm10,77,195.84039159944402,562,0.6,0.77,0,7.61,0,0,0,0
968,968,1968,Stockholm10,77,21.7936179803142,271,0.6,0.77,1,7.61,0,0,0,0
969,969,1969,Stockholm10,77,110.719488775596,816,0.6,0.77,0,7.61,0,0,0,0
970,970,1970,Stockholm10,77,492.14315278488505,161,0.6,0.76,2,7.67,0,0,0,0
971,971,1971,Stockholm10,77,58.178214068132704,1224,0.6,0.77,0,7.61,0,0,0,0
972,972,1972,Stockholm10,77,133.037184949683,370,0.6,0.77,1,7.61,0,1,0,0
973,973,1973,Stockholm10,77,72.2800758019182,1093,0.6,0.77,0,7.61,0,0,0,0
974,974,1974,Stockholm10,77,100.642277394347,750,0.6,0.77,0,7.61,0,0,1,0
975,975,1975,Stockholm10,77,11796.8369669193,218,0.6,0.77,6,7.64,0,1,0,0
976,976,1976,Stockholm10,77,394.95856595474197,273,0.6,0.77,3,7.6,0,0,0,0
977,977,1977,Stockholm10,77,56.614915488202115,392,0.6,0.76,3,7.67,0,0,0,0
978,978,1978,Stockholm10,77,106.447204985516,490,0.6,0.77,1,7.61,0,0,0,0
979,979,1979,Stockholm10,77,99.03910677638001,783,0.6,0.77,0,7.61,0,0,0,0
980,980,1980,Stockholm10,77,77.6389662183406,589,0.6,0.77,0,7.61,0,0,0,0
981,981,1981,Stockholm10,77,132.792616943021,689,0.6,0.77,0,7.61,0,0,0,0
982,982,1982,Stockholm10,77,50.068483095941,441,0.6,0.76,1,7.67,0,0,0,0
983,983,1983,Stockholm10,77,54.8193137508129,928,0.6,0.77,0,7.61,0,0,0,0
984,984,1984,Stockholm10,77,48.726530737384,418,0.6,0.76,3,7.67,0,0,0,0
985,985,1985,Stockholm10,77,45.624241325732896,264,0.6,0.76,3,7.67,1,0,0,0
986,986,1986,Stockholm10,77,32.7878799566059,1167,0.6,0.77,0,7.61,0,0,0,0
987,987,1987,Stockholm10,77,728.548436707567,89,0.6,0.77,3,7.6,0,0,0,0
988,988,1988,Stockholm10,77,153.824946794875,493,0.6,0.77,1,7.61,0,0,0,0
989,989,1989,Stockholm10,77,96.31912463628773,568,0.6,0.77,0,7.6,0,0,0,0
990,990,1990,Stockholm10,77,102.407134708647,506,0.6,0.77,0,7.61,0,0,0,0
991,991,1991,Stockholm10,77,91.5733635556778,952,0.6,0.77,0,7.61,0,0,0,0
992,992,1992,Stockholm10,77,102.06967986076799,526,0.6,0.77,0,7.6,0,1,0,0
993,993,1993,Stockholm10,77,191.618335808126,405,0.6,0.76,3,7.67,0,0,0,0
994,994,1994,Stockholm10,77,161.57115132212,465,0.6,0.76,1,7.67,0,1,0,0
995,995,1995,Stockholm10,77,363.037548412231,297,0.6,0.77,4,7.6,0,0,0,0
996,996,1996,Stockholm10,77,105.399370522676,1061,0.6,0.77,0,7.61,0,0,0,0
997,997,1997,Stockholm10,77,48.5632116318786,593,0.6,0.77,0,7.61,0,0,0,0
998,998,1998,Stockholm10,77,109.520856514861,784,0.6,0.77,0,7.61,0,1,0,0
999,999,1999,Stockholm10,77,105.600561355269,1093,0.6,0.77,0,7.61,0,0,0,0
