,air_quality,area,bbox_id,closest_shop,cloud_cover,humidity,shops_amount,temperature,roof_tupe
5001,85,58.5079471862242,Toronto2,43.65129515,Point,-79.4380133,,,
5002,75,6686.83133899128,Toronto2,43.6401547118943,Point,-79.3810493,-79.3808189,43.6402912,
5003,75,25.5078580082511,Toronto2,43.6418975705235,Point,-79.385475,,,flat
5004,81,112.679197012761,Toronto2,43.6397511847316,Point,-79.4686892,,,
5005,85,25.9830172812524,Toronto2,43.6467734271455,Point,-79.4367907,,,
5006,74,335.138643155075,Toronto2,43.64882675,Point,-79.3984958,,,
5007,85,219.393924137951,Toronto2,43.6498306533459,Point,-79.4831979,,,
5008,81,997.98310239942,Toronto2,43.637251,Point,-79.468175,,,
5009,74,995.060724456124,Toronto2,43.64736885,Point,-79.3980161,,,
5010,81,383.581743440842,Toronto2,43.6377812545133,Point,-79.4694342,,,
5011,85,1507.86686608051,Toronto2,43.6429602549318,Point,-79.4279617,-79.4281033,43.6431478,
5012,85,89.5948580515661,Toronto2,43.6498508738123,Point,-79.4657012,,,
5013,74,628.242745407722,Toronto2,43.6481368573581,Point,-79.39841,,,gabled
5014,85,535.890127824121,Toronto2,43.6387655551129,Point,-79.4307264,,,
5015,74,251.211417647279,Toronto2,43.6461476195979,Point,-79.3908034,,,
5016,85,622.181206096174,Toronto2,43.64062805,Point,-79.4267664,,,flat
5017,85,382.357122461666,Toronto2,43.6502153312162,Point,-79.4842479,-79.4844048,43.6501493,
5018,77,263.448396251019,Toronto2,43.6401255876897,Point,-79.3919431,-79.3917221,43.6400852,
5019,85,328.800332594515,Toronto2,43.64197655,Point,-79.4349581,,,
5020,71,11986.4227624825,Toronto2,43.6472155058669,Point,-79.3791968,-79.3779183,43.6469613,
5021,74,776.70980380242,Toronto2,43.6492308678432,Point,-79.3959257,,,
5022,71,2000.89111543452,Toronto2,43.6466285079663,Point,-79.3846105,,,
5023,85,66.1372386995835,Toronto2,43.644662,Point,-79.4640794,,,round
5024,71,136.481892785575,Toronto2,43.6435074683207,Point,-79.3995609,-79.3995609,43.6435302,
5025,85,49.4113814513753,Toronto2,43.6451617198827,Point,-79.4319248,,,flat
5026,85,1271.20884991691,Toronto2,43.6394635115469,Point,-79.4283781,,,
5027,71,1236.10370486254,Toronto2,43.6471100602857,Point,-79.385619,-79.3854814,43.6472854,
5028,85,137.742660538896,Toronto2,43.651519847421,Point,-79.4755933,,,
5029,75,2846.39310367885,Toronto2,43.6443411493077,Point,-79.3845533,-79.3839242,43.6443585,
5030,77,623.574476258653,Toronto2,43.6439563463826,Point,-79.390889,-79.3905891,43.6440446,flat
5031,85,1203.01475538806,Toronto2,43.6498527107068,Point,-79.4852565,,,
5032,85,255.451653842208,Toronto2,43.6419058288117,Point,-79.4329576,-79.4327978,43.6419666,
5033,85,38.9683914787114,Toronto2,43.6449071,Point,-79.4378336,,,
5034,74,2653.51267374684,Toronto2,43.652479659705,Point,-79.3982751,,,
5035,83,484.57925816788,Toronto2,43.6468495241985,Point,-79.4008837,,,
5036,85,1343.83580505703,Toronto2,43.6558919457039,Point,-79.443878,,,inappropriate
5037,74,557.977236321143,Toronto2,43.6505768,Point,-79.3890813,,,
5038,85,32.174397755815,Toronto2,43.645640639249,Point,-79.4379356,,,
5039,85,415.633944215182,Toronto2,43.6416846796976,Point,-79.432759,,,
5040,77,1870.71273655375,Toronto2,43.6425393677003,Point,-79.3987749,-79.3982275,43.6421398,
5041,83,518.334321903518,Toronto2,43.6470390419805,Point,-79.4037869,,,flat
5042,77,219.466576384399,Toronto2,43.6447592892154,Point,-79.3938677,,,inappropriate
5043,85,770.30503136248,Toronto2,43.6408737224896,Point,-79.4338678,,,
5044,85,338.439549787311,Toronto2,43.6461748905603,Point,-79.4347003,,,flat
5045,74,915.245471947575,Toronto2,43.6510081039255,Point,-79.3914335,,,
5046,85,37.9517715890098,Toronto2,43.64472715,Point,-79.4376858,,,flat
5047,85,64.0250332116863,Toronto2,43.646947751178,Point,-79.4369513,,,gabled
5048,85,53.951205682726,Toronto2,43.6489542205945,Point,-79.4216364,,,
5049,74,191.666826682396,Toronto2,43.6448983,Point,-79.3950864,,,gabled
5050,77,1814.12816954325,Toronto2,43.644672730906,Point,-79.3965154,-79.3962084,43.6442929,flat
5051,74,305.098431813851,Toronto2,43.6490332304673,Point,-79.3975518,,,
5052,71,4491.01125955411,Toronto2,43.6493056854991,Point,-79.388537,-79.3875293,43.649217,
5053,74,683.124028788471,Toronto2,43.6515123664471,Point,-79.389656,,,
5054,71,528.21070416299,Toronto2,43.6412409798133,Point,-79.4022394,-79.4022394,43.641289,
5055,85,41.7952581954404,Toronto2,43.64494835,Point,-79.4378507,,,
5056,71,1439.79028184406,Toronto2,43.649714265956,Point,-79.3784926,,,inappropriate
5057,85,111.183001503056,Toronto2,43.6483957822628,Point,-79.4160389,,,
5058,74,245.111878308361,Toronto2,43.6479495011921,Point,-79.3975413,,,gabled
5059,85,105.936572897178,Toronto2,43.6502161819849,Point,-79.4795126,,,
5060,85,101.328898616425,Toronto2,43.64893805,Point,-79.4164625,,,
5061,85,125.86433517258,Toronto2,43.6514890999556,Point,-79.4757245,,,
5062,84,250.113366964479,Toronto2,43.6383180546809,Point,-79.4447914,,,
5063,71,615.165835516219,Toronto2,43.6444644923572,Point,-79.4017362,,,gabled
5064,85,271.892860597238,Toronto2,43.6416986191868,Point,-79.4342133,,,
5065,85,1503.71351094034,Toronto2,43.6511763169593,Point,-79.4744637,-79.4744637,43.6513339,
5066,85,3886.50148779242,Toronto2,43.6472221957721,Point,-79.4343922,,,
5067,74,770.417677787199,Toronto2,43.6469750836483,Point,-79.3933792,,,
5068,85,56.4689764542038,Toronto2,43.6431534,Point,-79.4360875,,,
5069,83,78.0104617837231,Toronto2,43.648693671682,Point,-79.3997527,,,flat
5070,74,144.760499017223,Toronto2,43.6484829770326,Point,-79.3986172,,,
5071,71,1671.28210538715,Toronto2,43.6506153421265,Point,-79.3789773,,,
5072,74,417.767106623614,Toronto2,43.647844073117,Point,-79.388642,,,
5073,85,664.953803234479,Toronto2,43.6389318294715,Point,-79.4875441,-79.4875441,43.6389349,flat
5074,85,65.8437851613944,Toronto2,43.6449274462903,Point,-79.4381748,,,
5075,74,24.4902416708923,Toronto2,43.6466490954037,Point,-79.3889306,,,
5076,74,268.478747591375,Toronto2,43.6492164292185,Point,-79.395767,,,
5077,71,1478.16900723471,Toronto2,43.6422247821447,Point,-79.4025964,,,
5078,85,114.979056883506,Toronto2,43.6462615,Point,-79.4353389,,,
5079,74,4490.2272641526,Toronto2,43.6449274170826,Point,-79.3932699,-79.3925663,43.6448513,
5080,74,875.255198364784,Toronto2,43.6491872298722,Point,-79.3892493,,,
5081,71,1979.47702911117,Toronto2,43.6520235024599,Point,-79.3780187,-79.3780187,43.6522614,
5082,85,330.075545981228,Toronto2,43.6452237760533,Point,-79.4148441,,,
5083,85,71.5795538332686,Toronto2,43.6463362025556,Point,-79.435051,,,
5084,85,501.230605582603,Toronto2,43.6440943006702,Point,-79.4332338,,,
5085,83,4014.93584849516,Toronto2,43.6472612450629,Point,-79.4022245,,,flat
5086,74,286.953677858725,Toronto2,43.6482497,Point,-79.3976843,,,
5087,74,255.418100990947,Toronto2,43.6462326,Point,-79.3904221,,,
5088,71,1408.00694288738,Toronto2,43.6490671425916,Point,-79.3863991,-79.3861794,43.6488477,
5089,85,23.9546433204625,Toronto2,43.6509707209681,Point,-79.4381877,,,
5090,74,331.706697683226,Toronto2,43.6473617,Point,-79.3971154,,,
5091,85,56.6588188381275,Toronto2,43.6436187546198,Point,-79.4357868,,,
5092,74,403.932325022656,Toronto2,43.6512911716659,Point,-79.3894655,,,flat
5093,84,375.69818689954,Toronto2,43.6392028316375,Point,-79.4449269,,,
5094,84,245.700647861576,Toronto2,43.6386721,Point,-79.4437749,,,
5095,85,3483.03372979258,Toronto2,43.6420826576865,Point,-79.4225065,-79.4223942,43.6416379,
5096,85,181.32397455245,Toronto2,43.6358627,Point,-79.4725369,,,
5097,74,221.540619780266,Toronto2,43.6462176172544,Point,-79.3905148,,,
5098,85,110.784351750466,Toronto2,43.6446053181279,Point,-79.4380644,,,
5099,83,3737.57232643071,Toronto2,43.6512885595406,Point,-79.4027655,-79.403058,43.651096,flat
5100,85,285.724925000955,Toronto3,43.6668833676492,Point,-79.4001294,,,
5101,85,2549.85764293685,Toronto3,43.6669768367131,Point,-79.398439,,,
5102,85,27.0068174350547,Toronto3,43.664723070424,Point,-79.3975473,,,
5103,85,85.3386257805159,Toronto3,43.6658476463838,Point,-79.4008289,,,
5104,85,2353.78916310878,Toronto3,43.6657167966697,Point,-79.3981193,-79.3981812,43.6658071,
5105,85,1048.9851396442,Toronto3,43.6672504117222,Point,-79.392182,-79.392542,43.6671302,
5106,85,1341.28017809509,Toronto3,43.6663493793122,Point,-79.3974307,-79.3962049,43.6665556,
5107,85,200.2219261096,Toronto3,43.6661758624503,Point,-79.3903291,,,flat
5108,85,408.884197247016,Toronto3,43.6653000731956,Point,-79.4003086,,,
5109,85,1137.48695849036,Toronto3,43.665673308084,Point,-79.3972581,,,
5110,85,126.5787926938,Toronto3,43.6646417588249,Point,-79.4007266,,,
5111,85,450.038999158064,Toronto3,43.6647704675511,Point,-79.3907142,-79.3906543,43.6647072,flat
5112,85,1460.84143712979,Toronto3,43.6667224476394,Point,-79.3901965,-79.3901276,43.6670088,
5113,85,23.0075569769323,Toronto3,43.6671338678421,Point,-79.3998,,,
5114,85,5641.49452706405,Toronto3,43.6629011538008,Point,-79.3956348,-79.3953983,43.6626112,
5115,85,1816.26838136914,Toronto3,43.6669851248765,Point,-79.400993,,,
5116,85,366.468161812438,Toronto3,43.66671175,Point,-79.3997684,,,
5117,85,2361.41833834529,Toronto3,43.6672418921038,Point,-79.3969442,,,
5118,85,1887.07761825156,Toronto3,43.6644956369165,Point,-79.3949077,-79.3949876,43.6643087,
5119,85,3641.14386987069,Toronto3,43.6629836650404,Point,-79.4003975,,,
5120,85,171.291917039362,Toronto3,43.6649311357779,Point,-79.3985609,,,
5121,85,180.428738502833,Toronto3,43.6642309017705,Point,-79.3991066,,,
5122,85,242.291356899406,Toronto3,43.6663421804834,Point,-79.3998783,,,
5123,85,799.562769341657,Toronto3,43.6667132257717,Point,-79.394155,-79.3937565,43.6666373,
5124,85,374.651925970786,Toronto3,43.6658454545295,Point,-79.3970171,-79.3972563,43.6658576,
5125,85,146.893932185209,Toronto3,43.6645655019131,Point,-79.4006984,,,
5126,85,816.813858976189,Toronto3,43.6669545379084,Point,-79.394371,,,
5127,85,541.609132946776,Toronto3,43.665661700253,Point,-79.3911767,-79.390914,43.6656384,
5128,85,515.677106509353,Toronto3,43.6642115107373,Point,-79.395456,-79.395242,43.6641144,
5129,85,396.176871747891,Toronto3,43.6654402080508,Point,-79.3900018,-79.3898016,43.6654871,
5130,85,2172.65802681765,Toronto3,43.6663911667428,Point,-79.3899416,-79.3895316,43.6664759,
5131,85,226.020486343517,Toronto3,43.66649005,Point,-79.4010726,,,
5132,85,181.659342363221,Toronto3,43.6653982707684,Point,-79.4001169,,,
5133,85,3326.77822148858,Toronto3,43.666604225128,Point,-79.3949629,,,
5134,85,1015.13431752236,Toronto3,43.6667012593497,Point,-79.3928973,-79.3927227,43.6664807,
5135,85,2032.59267228684,Toronto3,43.6648521447112,Point,-79.3984942,,,inappropriate
5136,85,209.17824073576,Toronto3,43.6645110572112,Point,-79.3897489,-79.3897849,43.6644399,
5137,85,2667.99001503105,Toronto3,43.6653590134288,Point,-79.3987736,-79.3987447,43.6654963,
5138,85,1482.49115029982,Toronto3,43.6655888835705,Point,-79.3996076,-79.3994518,43.6654547,
5139,85,137.94319070541,Toronto3,43.6639663,Point,-79.400645,,,inappropriate
5140,85,1257.77431709497,Toronto3,43.6660814949491,Point,-79.3994459,-79.3996109,43.6660511,
5141,85,263.814577228626,Toronto3,43.6655837606904,Point,-79.4004803,,,
5142,85,310.544603130503,Toronto3,43.6663670634715,Point,-79.401005,,,
5143,85,34.1862977785273,Toronto3,43.663972242829,Point,-79.3899479,,,gabled
5144,85,90.240525529802,Toronto3,43.6643236199398,Point,-79.3898347,,,
5145,85,303.11562007255,Toronto3,43.6661134,Point,-79.400911,,,
5146,85,114.049511859224,Toronto3,43.6654748461346,Point,-79.3963598,,,flat
5147,85,710.833673531529,Toronto3,43.66408772576,Point,-79.3989604,-79.3991656,43.6640392,inappropriate
5148,85,88.937797585899,Toronto3,43.6644781173632,Point,-79.4008578,,,
5149,85,762.578435936281,Toronto3,43.6672546976371,Point,-79.4004397,,,
5150,85,774.5115986133,Toronto3,43.6652359287473,Point,-79.3901245,-79.3905426,43.6651104,
5151,85,3829.7084112354,Toronto3,43.6670292880134,Point,-79.3959908,,,
5152,85,947.537250943411,Toronto3,43.6640043862198,Point,-79.3900301,-79.3904104,43.6638994,
5153,85,1222.93869068156,Toronto3,43.665786522322,Point,-79.3945573,-79.3942997,43.6657101,
5154,85,385.233579756892,Toronto3,43.6670822349153,Point,-79.4002204,-79.399905,43.6670571,
5155,85,142.639418683445,Toronto3,43.66674115,Point,-79.400517,,,
5156,85,631.8852378798,Toronto3,43.666510328723,Point,-79.4002308,-79.4002308,43.6665332,
5157,85,217.889366862011,Toronto3,43.6653645513154,Point,-79.4002832,,,flat
5158,85,285.291125032544,Toronto3,43.6657126449985,Point,-79.4005353,,,
5159,85,1469.98838019544,Toronto3,43.6669349209161,Point,-79.3922599,-79.3916736,43.6670034,
5160,85,1394.38676712425,Toronto3,43.6659380795236,Point,-79.4004822,-79.4003501,43.666105,gabled
5161,85,2233.47336137642,Toronto3,43.666857673483,Point,-79.3912977,-79.3909809,43.6671834,round
5162,85,1056.82678475666,Toronto3,43.6650324524941,Point,-79.3995113,-79.399593,43.6650001,
5163,85,182.446647154958,Toronto3,43.664785333299,Point,-79.399424,,,inappropriate
5164,85,101.609952526513,Toronto3,43.6640409943372,Point,-79.4006322,,,
5165,85,2414.93008327599,Toronto3,43.664852403848,Point,-79.3979236,-79.3974573,43.6644525,
5166,85,293.454047860451,Toronto3,43.6642663882585,Point,-79.3904443,-79.3904913,43.6642035,
5167,85,307.310705305257,Toronto3,43.6662389943402,Point,-79.4009631,,,
5168,85,79.9704798732732,Toronto3,43.66657305,Point,-79.4004435,,,
5169,85,494.841537538832,Toronto3,43.6648558046928,Point,-79.4007716,,,
5170,85,839.228636232311,Toronto3,43.6633951796535,Point,-79.397912,-79.397912,43.6633817,
5171,85,56.8853965414292,Toronto3,43.66636025,Point,-79.4003274,,,
5172,85,461.885854028078,Toronto3,43.6653670763105,Point,-79.3908295,,,
5173,85,379.707835999989,Toronto3,43.6656948101707,Point,-79.3901029,,,
5174,85,208.04597068246,Toronto3,43.6644175426694,Point,-79.3943287,,,
5175,85,1252.67349197318,Toronto3,43.6663204029582,Point,-79.3914225,,,
5176,85,63.5983211660163,Toronto3,43.6670985708922,Point,-79.3943031,,,
5177,85,5950.97747574633,Toronto3,43.6630990727437,Point,-79.3903175,-79.3896837,43.6633442,flat
5178,85,5127.32129234894,Toronto3,43.6639382401977,Point,-79.3951529,-79.3947464,43.664139,gabled
5179,85,1164.73487499684,Toronto3,43.6674480698191,Point,-79.3911058,-79.3905567,43.667176,
5180,85,4950.69504260117,Toronto3,43.6644589057762,Point,-79.3996933,-79.3998219,43.6641568,
5181,85,259.012863529014,Toronto3,43.6645713472853,Point,-79.3906929,-79.3904729,43.6645198,
5182,85,115.109325266671,Toronto3,43.6643669199872,Point,-79.4007364,,,flat
5183,85,437.226913959726,Toronto3,43.6635819655244,Point,-79.4006885,,,
5184,85,2103.36915218551,Toronto3,43.6638056451951,Point,-79.397651,-79.3977945,43.6634604,flat
5185,85,285.139259484555,Toronto3,43.6638516779688,Point,-79.4004142,,,round
5186,85,4412.05703793807,Toronto3,43.6632137854518,Point,-79.399595,-79.398653,43.6634077,
5187,85,246.456107894132,Toronto3,43.6658035936627,Point,-79.3892974,-79.3892614,43.6657996,
5188,85,78.0688593863214,Toronto3,43.66718123087,Point,-79.3937908,,,
5189,85,2327.74215302728,Toronto3,43.6666137225305,Point,-79.3988488,-79.3991054,43.6669991,flat
5190,85,1736.52561972878,Toronto3,43.6673160697283,Point,-79.3989274,-79.3989498,43.6671201,flat
5191,85,271.909589742213,Toronto3,43.6647464616823,Point,-79.4009739,-79.4007098,43.6647026,
5192,85,892.567976335864,Toronto3,43.6664131344402,Point,-79.3923287,-79.3923944,43.6663287,
5193,85,1732.20804201446,Toronto3,43.6641975040293,Point,-79.389405,-79.3898711,43.6639796,
5194,85,5173.22679040633,Toronto3,43.6669679185311,Point,-79.3896975,-79.3894128,43.6666352,
5195,85,1013.97718270355,Toronto3,43.6661118628021,Point,-79.3935927,-79.3939747,43.6660423,
5196,85,110.64466660173,Toronto3,43.6635574213494,Point,-79.3951707,,,
5197,85,306.163302933916,Toronto3,43.6665979801149,Point,-79.401101,,,
5198,85,2542.06349503452,Toronto3,43.6648525015026,Point,-79.389119,,,
5199,85,279.58647379796,Toronto3,43.6660527816123,Point,-79.3896267,-79.3894401,43.6661067,
5200,85,169.398941637986,Toronto4,43.6726280038557,Point,-79.3832481,,,
5201,85,1206.98178463097,Toronto4,43.6714599869978,Point,-79.3846884,,,round
5202,75,4909.54226694162,Toronto4,43.6740809882029,Point,-79.3885659,-79.3897854,43.6741033,
5203,75,246.829643706658,Toronto4,43.6736148057468,Point,-79.3914915,,,
5204,85,482.619077113029,Toronto4,43.6712281510583,Point,-79.3869997,,,
5205,85,1719.64459788414,Toronto4,43.6704669067568,Point,-79.3840791,-79.3840298,43.6703819,
5206,85,254.712918978371,Toronto4,43.671457099773,Point,-79.3878947,,,
5207,75,5777.23035748547,Toronto4,43.6703250702122,Point,-79.3876661,-79.3878016,43.6701603,
5208,75,785.550915171606,Toronto4,43.672814794945,Point,-79.3905477,-79.390472,43.6728931,
5209,75,109.481776765107,Toronto4,43.6734672105532,Point,-79.3921345,,,
5210,85,1661.90470564223,Toronto4,43.67081629619,Point,-79.3868665,,,round
5211,75,151.908179429875,Toronto4,43.6733903649814,Point,-79.392475,,,gabled
5212,85,7652.15757864357,Toronto4,43.6718728166753,Point,-79.3862075,-79.3872907,43.6721517,
5213,85,276.946376539504,Toronto4,43.6738357184066,Point,-79.3804637,,,flat
5214,75,401.628959828838,Toronto4,43.6714215747337,Point,-79.3882231,,,
5215,75,5876.11365040129,Toronto4,43.6706848929523,Point,-79.3896587,,,
5216,85,792.146354116473,Toronto4,43.6728186356009,Point,-79.3858048,,,
5217,75,242.533064658275,Toronto4,43.6703053873543,Point,-79.3923316,,,flat
5218,85,174.28943063906,Toronto4,43.6724025519952,Point,-79.3845799,,,
5219,85,303.262769798103,Toronto4,43.6725086187548,Point,-79.3873514,,,
5220,85,604.195726730514,Toronto4,43.670270043695,Point,-79.3850378,,,
5221,75,193.644880647183,Toronto4,43.6702849319132,Point,-79.3920738,,,
5222,85,172.702417966501,Toronto4,43.6724491503405,Point,-79.3842083,,,
5223,75,118.60070158345,Toronto4,43.6718430187944,Point,-79.3912685,,,
5224,75,281.64652496319,Toronto4,43.6717139350473,Point,-79.3879787,-79.3879225,43.6716693,
5225,75,1304.28236693305,Toronto4,43.6732931611871,Point,-79.390885,,,
5226,75,1054.34316059486,Toronto4,43.6736887552393,Point,-79.388391,,,gabled
5227,85,1155.63900032709,Toronto4,43.6719328330282,Point,-79.3848232,-79.3853945,43.6718487,
5228,85,168.137276452763,Toronto4,43.6728132274889,Point,-79.3838412,-79.3838077,43.6728502,
5229,75,402.850215081559,Toronto4,43.6717593785345,Point,-79.3913749,,,
5230,85,254.875935536549,Toronto4,43.6720797329677,Point,-79.3842141,,,flat
5231,85,267.045299667466,Toronto4,43.6731016141342,Point,-79.3874414,,,
5232,85,1733.83418132223,Toronto4,43.6704712370902,Point,-79.3874044,-79.3874044,43.6702369,
5233,75,199.939879218237,Toronto4,43.672542849019,Point,-79.3878875,,,
5234,75,698.140890729193,Toronto4,43.6733092647432,Point,-79.3882227,,,
5235,85,82.2355828106429,Toronto4,43.6723695947231,Point,-79.3829771,,,
5236,85,761.079697775523,Toronto4,43.6702332619049,Point,-79.3814867,-79.3819559,43.6701022,
5237,75,1350.00279725828,Toronto4,43.6710017956633,Point,-79.3906653,-79.3906056,43.6711472,
5238,85,145.793927142183,Toronto4,43.672509059972,Point,-79.3838495,,,
5239,75,235.499037455519,Toronto4,43.6736699952643,Point,-79.3926299,,,
5240,75,257.456678293452,Toronto4,43.6740838383173,Point,-79.3911283,,,flat
5241,75,153.36696292594,Toronto4,43.6716640403264,Point,-79.3918658,,,
5242,85,160.197618685214,Toronto4,43.6727826830515,Point,-79.3841004,,,
5243,75,111.949458371887,Toronto4,43.6727582704415,Point,-79.389236,,,
5244,75,1013.75797292053,Toronto4,43.6714034490508,Point,-79.3915383,,,gabled
5245,75,227.276292206752,Toronto4,43.6710278563348,Point,-79.3928417,-79.3928417,43.6711207,
5246,75,270.071667087404,Toronto4,43.6703778579832,Point,-79.3917105,,,
5247,75,339.499279150568,Toronto4,43.6717485677541,Point,-79.3875682,-79.3875499,43.6717997,
5248,75,542.500995400572,Toronto4,43.6731011867006,Point,-79.3888886,-79.3888886,43.6731607,
5249,75,93.3602052940377,Toronto4,43.6710799591155,Point,-79.3880193,,,
5250,75,2755.45369315886,Toronto4,43.6728466244669,Point,-79.3921867,-79.3918559,43.6727717,
5251,75,132.899455180802,Toronto4,43.6702647439409,Point,-79.3921277,,,
5252,85,758.307883264517,Toronto4,43.6701483678512,Point,-79.3847685,-79.3845814,43.6698451,inappropriate
5253,75,3045.69013194332,Toronto4,43.6706529903781,Point,-79.3919316,-79.3920533,43.6703841,
5254,85,279.571796600379,Toronto4,43.6713407558942,Point,-79.387905,,,gabled
5255,85,180.115012251809,Toronto4,43.6726903157491,Point,-79.3844163,-79.3843881,43.6727262,
5256,85,1182.57449490975,Toronto4,43.6721684446531,Point,-79.3800967,-79.3797471,43.6723168,
5257,85,171.429218687676,Toronto4,43.6728462652367,Point,-79.3836933,-79.3836933,43.6729265,
5258,85,498.764013202011,Toronto4,43.6741669533842,Point,-79.380618,,,
5259,85,140.151447965036,Toronto4,43.6727076280459,Point,-79.3829879,,,
5260,75,106.519430006548,Toronto4,43.6708661,Point,-79.3908055,,,
5261,75,190.163648829285,Toronto4,43.6708015284325,Point,-79.3914848,,,flat
5262,75,118.04056185288,Toronto4,43.6721351185558,Point,-79.3913063,,,
5263,75,69.9745036944481,Toronto4,43.6734543686398,Point,-79.3919873,,,
5264,75,396.804078158991,Toronto4,43.670970498654,Point,-79.3888094,,,flat
5265,75,1316.17796266784,Toronto4,43.6733728076725,Point,-79.3899815,,,
5266,75,2992.70844608351,Toronto4,43.6745285931658,Point,-79.3905627,-79.3911606,43.674186,
5267,75,776.966613311734,Toronto4,43.6713315999516,Point,-79.3889709,,,flat
5268,85,1116.24670118268,Toronto4,43.6711146,Point,-79.3809117,,,
5269,75,212.685128991611,Toronto4,43.6702691251593,Point,-79.3923902,,,
5270,75,726.274534558083,Toronto4,43.6726864053692,Point,-79.3889824,,,
5271,85,94.5878903472315,Toronto4,43.6726898715848,Point,-79.3856085,,,
5272,75,70.0031962575969,Toronto4,43.6731252,Point,-79.3912703,,,
5273,75,763.022703990484,Toronto4,43.6727342228002,Point,-79.3894429,-79.3898455,43.6728838,flat
5274,85,2753.37617430705,Toronto4,43.6718781738524,Point,-79.3820097,-79.3824051,43.6717605,
5275,75,251.306495605675,Toronto4,43.6716097991153,Point,-79.3874861,,,
5276,85,3776.20689983127,Toronto4,43.6712106433666,Point,-79.379617,-79.379979,43.6707816,
5277,75,53.9820746352939,Toronto4,43.67070355,Point,-79.3909642,,,
5278,85,99.8357600017775,Toronto4,43.6705618376906,Point,-79.3812666,-79.381277,43.6704997,round
5279,75,468.525139091454,Toronto4,43.6715767769089,Point,-79.3883294,,,
5280,75,671.31900512524,Toronto4,43.6720892263189,Point,-79.3877792,,,
5281,75,523.161741412039,Toronto4,43.6732442662404,Point,-79.3921025,-79.3920032,43.6732445,
5282,75,929.023744369274,Toronto4,43.6708586940025,Point,-79.3895386,,,
5283,85,1408.22713946699,Toronto4,43.670167440683,Point,-79.3850378,-79.3847628,43.6704192,flat
5284,75,104.382905835837,Toronto4,43.6733655,Point,-79.3925926,,,flat
5285,75,311.070759637658,Toronto4,43.6710808033262,Point,-79.3925333,-79.3925308,43.6711584,
5286,85,1747.40050983922,Toronto4,43.6704801037184,Point,-79.3821517,,,
5287,75,73.5979555907894,Toronto4,43.6734676680193,Point,-79.3919028,,,
5288,85,3857.63785716601,Toronto4,43.6738025985034,Point,-79.3879003,-79.3874033,43.6740855,
5289,75,73.1878199265104,Toronto4,43.67110915,Point,-79.3877857,,,
5290,75,241.003047296011,Toronto4,43.6722628730155,Point,-79.3908867,,,
5291,75,1070.09322256705,Toronto4,43.6741095185098,Point,-79.3891007,,,
5292,85,275.9481940011,Toronto4,43.6733565791165,Point,-79.3878123,,,flat
5293,85,117.379725354475,Toronto4,43.6726591649651,Point,-79.3845585,-79.3845995,43.6727021,
5294,75,116.839841346742,Toronto4,43.6727716596335,Point,-79.3893346,,,
5295,85,132.095266423315,Toronto4,43.6723323203663,Point,-79.3852632,-79.3852882,43.6723257,
5296,75,109.627603296876,Toronto4,43.6710857291681,Point,-79.3882035,,,
5297,85,146.978567896151,Toronto4,43.6725871473115,Point,-79.3835171,,,
5298,75,682.111275160258,Toronto4,43.6715766845684,Point,-79.3926137,,,flat
5299,85,1174.23559664613,Toronto4,43.672163867972,Point,-79.3806303,-79.3803878,43.6720837,flat
5300,85,179.687891913173,Toronto5,43.6779467,Point,-79.3525255,,,flat
5301,85,74.414312302307,Toronto5,43.6789624,Point,-79.3603998,,,gabled
5302,85,70.9444897006338,Toronto5,43.6766747428537,Point,-79.3509423,,,
5303,85,96.1581412369529,Toronto5,43.681472129944,Point,-79.3585606,,,gabled
5304,85,113.798933330673,Toronto5,43.6801512103201,Point,-79.3604546,,,
5305,85,125.287081295052,Toronto5,43.681459724326,Point,-79.3615364,,,
5306,85,159.76681866852,Toronto5,43.6773788442012,Point,-79.3515016,,,
5307,85,86.9658089109634,Toronto5,43.6781377827012,Point,-79.3519977,,,
5308,85,126.288447094921,Toronto5,43.6795759826631,Point,-79.3591726,,,
5309,85,135.114770914652,Toronto5,43.6777259566315,Point,-79.3498037,,,
5310,85,144.660858203877,Toronto5,43.6796845130074,Point,-79.3606647,-79.3606647,43.679763,
5311,85,180.407239727399,Toronto5,43.6770421,Point,-79.3557191,,,
5312,85,131.17150098031,Toronto5,43.6804681276347,Point,-79.3589411,-79.3589411,43.6805038,
5313,85,397.146176919433,Toronto5,43.6788191590644,Point,-79.3443229,,,
5314,85,81.5336811667733,Toronto5,43.6799413923803,Point,-79.3591089,,,flat
5315,85,133.850895971316,Toronto5,43.6777331464751,Point,-79.3522553,,,
5316,85,129.789372052527,Toronto5,43.6784011093065,Point,-79.3488495,,,gabled
5317,85,78.5276507591118,Toronto5,43.6794903767595,Point,-79.3585701,,,
5318,85,107.895004757848,Toronto5,43.6806429044046,Point,-79.3610563,,,
5319,85,90.1764465582232,Toronto5,43.6810904329287,Point,-79.3600033,,,flat
5320,85,74.0634023271654,Toronto5,43.6812232,Point,-79.3535191,,,
5321,85,341.428322721048,Toronto5,43.6793337016461,Point,-79.3586796,,,
5322,85,150.229110875884,Toronto5,43.676939000004,Point,-79.3538231,,,
5323,85,123.384780644047,Toronto5,43.6773028236189,Point,-79.3554333,,,flat
5324,85,146.691116538764,Toronto5,43.6773320146199,Point,-79.3518807,,,
5325,85,69.9568515230344,Toronto5,43.6797361369508,Point,-79.3601762,,,
5326,85,460.56581644165,Toronto5,43.6773234837302,Point,-79.3544592,,,
5327,85,117.007544037465,Toronto5,43.6766122496422,Point,-79.3579959,,,flat
5328,85,110.576107100655,Toronto5,43.6788433548124,Point,-79.3463865,,,flat
5329,85,118.605696465203,Toronto5,43.678384567132,Point,-79.3487531,,,
5330,85,103.109564117728,Toronto5,43.68146765,Point,-79.3606166,,,
5331,85,101.512973847584,Toronto5,43.6805087116949,Point,-79.3582486,,,
5332,85,132.265431752216,Toronto5,43.6810235360542,Point,-79.3618483,,,
5333,85,150.883377396512,Toronto5,43.6773921803223,Point,-79.351441,,,
5334,85,140.973814652211,Toronto5,43.6769768176527,Point,-79.3536894,,,
5335,85,425.019938642445,Toronto5,43.6774809353788,Point,-79.3597123,,,
5336,85,85.2795466952698,Toronto5,43.6802152789035,Point,-79.3602373,,,
5337,85,85.4996305002481,Toronto5,43.6790330459779,Point,-79.3601237,,,
5338,85,76.5455158520316,Toronto5,43.6811669218826,Point,-79.3580613,,,
5339,85,80.9730457366426,Toronto5,43.6782988396826,Point,-79.3493071,,,
5340,85,113.453991339959,Toronto5,43.6814751382003,Point,-79.3595938,,,flat
5341,85,42.7903468352017,Toronto5,43.6800093486491,Point,-79.3451355,,,
5342,85,76.203588871184,Toronto5,43.6777309336484,Point,-79.3499651,,,
5343,85,135.915436381751,Toronto5,43.6774945044094,Point,-79.3551707,,,flat
5344,85,37.6934357803773,Toronto5,43.6774213,Point,-79.3558632,,,
5345,85,111.731203298781,Toronto5,43.6805509202554,Point,-79.3606237,,,
5346,85,226.183084689215,Toronto5,43.6787401243782,Point,-79.347288,,,
5347,85,102.518353349033,Toronto5,43.6806063801247,Point,-79.3601902,,,
5348,85,206.24854597021,Toronto5,43.6764744827146,Point,-79.3561487,,,
5349,85,134.990003919533,Toronto5,43.6792592742346,Point,-79.3597817,-79.3598061,43.67929,
5350,85,80.5314264425184,Toronto5,43.6770857174336,Point,-79.3554477,,,
5351,85,138.215840189455,Toronto5,43.6763637866725,Point,-79.3569253,,,
5352,85,94.4540870581359,Toronto5,43.6765531521015,Point,-79.3559999,,,
5353,85,87.8428380345697,Toronto5,43.6814739887001,Point,-79.3586759,,,
5354,85,1093.82399491067,Toronto5,43.676225827942,Point,-79.357227,-79.3569927,43.6759968,flat
5355,85,146.910879636737,Toronto5,43.6781860135598,Point,-79.3500613,,,
5356,85,121.85693315224,Toronto5,43.6809508467332,Point,-79.3612381,,,
5357,85,130.189372689178,Toronto5,43.6810270710499,Point,-79.3592844,,,
5358,85,46.5482570781875,Toronto5,43.6805397,Point,-79.3585698,,,
5359,85,30.5305348010117,Toronto5,43.6814053949977,Point,-79.3581595,,,
5360,85,93.2771484182419,Toronto5,43.6781889,Point,-79.3520295,,,
5361,85,72.703142388536,Toronto5,43.67711565,Point,-79.3531877,,,
5362,85,59.388217998269,Toronto5,43.6808524376976,Point,-79.3579721,,,
5363,85,113.119136276741,Toronto5,43.6803060026301,Point,-79.3614386,,,inappropriate
5364,85,236.972420840109,Toronto5,43.6773334718109,Point,-79.3517237,,,
5365,85,75.7134876918878,Toronto5,43.6810965255994,Point,-79.360113,,,
5366,85,124.285224263301,Toronto5,43.6770966383851,Point,-79.353056,,,flat
5367,85,168.466394100657,Toronto5,43.6791604796231,Point,-79.3598229,-79.3598617,43.6792026,
5368,85,337.520813748474,Toronto5,43.6758600089189,Point,-79.347899,,,
5369,85,75.5544263900509,Toronto5,43.6797479441336,Point,-79.3600993,,,
5370,85,2399.22650768191,Toronto5,43.6777364786789,Point,-79.3532041,-79.3526421,43.6777678,
5371,85,417.221170092926,Toronto5,43.6789785150193,Point,-79.3585998,-79.3584321,43.6789184,
5372,85,100.731368402378,Toronto5,43.6779280450093,Point,-79.3510821,,,
5373,85,449.834885544489,Toronto5,43.6775199317201,Point,-79.3491057,,,gabled
5374,85,44.2519169157158,Toronto5,43.6805974060439,Point,-79.3585261,,,flat
5375,85,42.9089505614703,Toronto5,43.6804759,Point,-79.3585789,,,
5376,85,108.142408197545,Toronto5,43.6791075384238,Point,-79.359321,-79.3593415,43.6791476,
5377,85,143.786153477731,Toronto5,43.6806240091758,Point,-79.3615222,,,
5378,85,94.9053295293455,Toronto5,43.6814715857696,Point,-79.3590973,,,
5379,85,144.468926919585,Toronto5,43.6772227773451,Point,-79.3547992,,,
5380,85,231.720775068918,Toronto5,43.6778564189927,Point,-79.3492337,-79.3492337,43.6779545,
5381,85,82.3226582789993,Toronto5,43.67706075,Point,-79.3555819,,,
5382,85,85.4256636561606,Toronto5,43.6814684339377,Point,-79.3589006,,,flat
5383,85,151.80850184059,Toronto5,43.6795452816001,Point,-79.3612739,,,
5384,85,76.7085870436524,Toronto5,43.67670535,Point,-79.350786,,,
5385,85,107.89769145318,Toronto5,43.6814744802093,Point,-79.3616704,-79.3616495,43.6814476,
5386,85,1101.57400023927,Toronto5,43.6780714376099,Point,-79.3613975,,,
5387,85,84.0067522030522,Toronto5,43.6770233316812,Point,-79.35567,,,
5388,85,405.083706783294,Toronto5,43.6799140607913,Point,-79.3451096,,,
5389,85,78.7277517027995,Toronto5,43.6771035,Point,-79.3532453,,,
5390,85,165.260661604567,Toronto5,43.6778654953494,Point,-79.3516631,,,
5391,85,63.5268237136521,Toronto5,43.6797690051042,Point,-79.35911,,,
5392,85,440.318685781669,Toronto5,43.6765562567293,Point,-79.3557339,,,
5393,85,181.648594526869,Toronto5,43.6781510503379,Point,-79.3499566,,,
5394,85,120.876788996394,Toronto5,43.6773925628854,Point,-79.3556774,,,
5395,85,89.6209770801194,Toronto5,43.6811188018784,Point,-79.3578787,,,
5396,85,2433.30991024504,Toronto5,43.6773755065462,Point,-79.3472113,-79.3472113,43.6769169,
5397,85,146.78029496324,Toronto5,43.6814924271697,Point,-79.3617648,,,flat
5398,85,78.7260696589681,Toronto5,43.6787527005829,Point,-79.3468378,,,
5399,85,113.116598465997,Toronto5,43.6776649392057,Point,-79.3544534,,,
5400,85,4212.57475408685,Toronto6,43.742996662249,Point,-79.6170302,,,
5401,85,3101.30966492454,Toronto6,43.7380341814466,Point,-79.621918,,,
5402,85,1066.66875665912,Toronto6,43.7461659888342,Point,-79.6054663,,,
5403,85,1146.40498137415,Toronto6,43.7379468292132,Point,-79.6231456,,,gabled
5404,85,5779.01028557291,Toronto6,43.7375753720272,Point,-79.6102682,-79.6102682,43.737746,
5405,85,2136.17183110187,Toronto6,43.7430079428601,Point,-79.6065909,,,
5406,85,3800.06685676265,Toronto6,43.7407429453639,Point,-79.6090702,,,
5407,85,9024.05730175447,Toronto6,43.7414239181768,Point,-79.6110453,-79.6106413,43.7417059,
5408,85,3919.96242633492,Toronto6,43.7357920123744,Point,-79.6183782,,,round
5409,85,797.587214428048,Toronto6,43.74589965,Point,-79.6200784,,,
5410,85,1787.95879911037,Toronto6,43.7473571375241,Point,-79.6135752,-79.6135222,43.7476047,
5411,85,1985.62851123638,Toronto6,43.7510841728532,Point,-79.6166135,,,
5412,85,1774.80709427851,Toronto6,43.7511301,Point,-79.6159956,,,
5413,85,86.5246033581114,Toronto6,43.7368421,Point,-79.6301974,,,
5414,85,9983.90176407866,Toronto6,43.7390227778601,Point,-79.6181817,,,
5415,85,10078.4862719772,Toronto6,43.7357586302494,Point,-79.6072139,,,
5416,85,5126.27676799001,Toronto6,43.7442795015181,Point,-79.6123864,,,
5417,85,5047.55455026417,Toronto6,43.738129071948,Point,-79.6212035,,,
5418,85,5971.4018203695,Toronto6,43.7378593317183,Point,-79.608797,-79.6087128,43.73773,
5419,85,34.5139297083423,Toronto6,43.7471942759017,Point,-79.6128567,,,
5420,85,2631.51249187671,Toronto6,43.74413385,Point,-79.622219,,,flat
5421,85,6963.97294089865,Toronto6,43.7367017535771,Point,-79.6213926,-79.6213926,43.7371145,gabled
5422,85,5852.41340634396,Toronto6,43.7450735156016,Point,-79.6057286,-79.6056146,43.7450892,gabled
5423,85,2665.99212502952,Toronto6,43.7441161370778,Point,-79.604864,-79.60393,43.74397,
5424,85,14761.5955138446,Toronto6,43.7395130697458,Point,-79.6234024,-79.6234024,43.7403709,
5425,85,4423.51104078986,Toronto6,43.7472942906717,Point,-79.6288909,-79.628244,43.7472508,
5426,85,3803.34385692269,Toronto6,43.7382911906645,Point,-79.6118748,-79.6118748,43.7383645,flat
5427,85,4042.45221805989,Toronto6,43.738785266627,Point,-79.6080986,,,
5428,85,454.899316530458,Toronto6,43.738344652554,Point,-79.6266582,-79.6266582,43.7384574,gabled
5429,85,144.488131020099,Toronto6,43.7388506432858,Point,-79.6263641,,,round
5430,85,5006.16556101828,Toronto6,43.745668802339,Point,-79.6076922,-79.6076039,43.7457241,flat
5431,85,6787.75518664105,Toronto6,43.7444035152788,Point,-79.616543,-79.616543,43.74463,
5432,85,7742.83988637939,Toronto6,43.7414780899531,Point,-79.627432,,,
5433,85,4873.76813255989,Toronto6,43.7378723758842,Point,-79.6059019,,,flat
5434,85,7830.70065244878,Toronto6,43.7450235556271,Point,-79.628555,-79.6275296,43.7447354,
5435,85,4380.42860944142,Toronto6,43.7362427558976,Point,-79.6086786,-79.6092805,43.7359318,flat
5436,85,440.031973363646,Toronto6,43.7432595276005,Point,-79.6050796,,,
5437,85,13339.4276602491,Toronto6,43.7438391491646,Point,-79.6205879,-79.6203408,43.7435079,
5438,85,3661.82670606159,Toronto6,43.7499021165033,Point,-79.6234519,,,
5439,85,1269.26600557247,Toronto6,43.7386703013321,Point,-79.6266203,-79.6265315,43.7384881,
5440,85,6354.04608259696,Toronto6,43.7346387120486,Point,-79.6093016,-79.6093016,43.7350462,
5441,85,410.251119017927,Toronto6,43.7433439939136,Point,-79.6047663,,,
5442,85,3112.65894416268,Toronto6,43.7460649500975,Point,-79.6072906,-79.6069618,43.7460483,
5443,85,803.3512439513,Toronto6,43.738217497288,Point,-79.6233093,,,
5444,85,206.776686388985,Toronto6,43.74843565,Point,-79.6084306,,,
5445,85,6074.3535399122,Toronto6,43.7386349184043,Point,-79.610638,-79.610638,43.7388388,
5446,85,3984.10666868203,Toronto6,43.742146254879,Point,-79.608342,-79.607973,43.7420863,
5447,85,1185.88045960028,Toronto6,43.7433686742177,Point,-79.6058243,,,
5448,85,17132.6796623869,Toronto6,43.7395075767813,Point,-79.6213213,-79.6198035,43.7400617,
5449,85,2201.66950666297,Toronto6,43.7465291190203,Point,-79.6056074,,,inappropriate
5450,85,1861.36018850718,Toronto6,43.7497004999464,Point,-79.6094145,,,
5451,85,1234.18179115592,Toronto6,43.7444872625036,Point,-79.6187286,,,
5452,85,443.118740480933,Toronto6,43.7451501254048,Point,-79.6145181,,,
5453,85,982.242584316859,Toronto6,43.7458916820111,Point,-79.6276965,,,
5454,85,3838.77529865822,Toronto6,43.7429471903087,Point,-79.6201121,,,
5455,85,2482.06168114934,Toronto6,43.745447155318,Point,-79.6178918,,,
5456,85,7869.07559099778,Toronto6,43.7426478932038,Point,-79.6264725,,,
5457,85,2695.95463772981,Toronto6,43.7455407480594,Point,-79.6185044,,,
5458,85,2546.40558746313,Toronto6,43.7446379644347,Point,-79.6060193,-79.6058718,43.7447399,
5459,85,2793.25599480014,Toronto6,43.74322305,Point,-79.623296,,,
5460,85,2373.48429258463,Toronto6,43.7403545531345,Point,-79.6172883,,,
5461,85,3930.79416115973,Toronto6,43.7477066328174,Point,-79.6060696,,,
5462,85,7334.43857876028,Toronto6,43.7385440258157,Point,-79.6192404,,,flat
5463,85,359.851985733076,Toronto6,43.74878795,Point,-79.6088125,,,
5464,85,3527.26115590799,Toronto6,43.7435424,Point,-79.6213262,,,
5465,85,247.679300411325,Toronto6,43.73460535,Point,-79.617312,,,
5466,85,213.575004589772,Toronto6,43.746824408531,Point,-79.6129659,,,
5467,85,4825.93944750462,Toronto6,43.7501915398324,Point,-79.6138653,-79.6145521,43.7500175,
5468,85,11057.5957662026,Toronto6,43.7421974644938,Point,-79.6146289,,,
5469,85,1469.27981529143,Toronto6,43.7464036,Point,-79.6161407,,,
5470,85,2372.30524267058,Toronto6,43.7354097628972,Point,-79.6052777,,,
5471,85,1848.86184816728,Toronto6,43.7340890784524,Point,-79.6062282,,,
5472,85,1490.83003074642,Toronto6,43.7451874912882,Point,-79.6155484,,,
5473,85,2479.17851144677,Toronto6,43.7513118114674,Point,-79.6154699,,,
5474,85,3582.65000713052,Toronto6,43.7418202234634,Point,-79.609644,-79.609644,43.7419098,
5475,85,608.001645045814,Toronto6,43.73376795,Point,-79.6103927,,,
5476,85,5659.47962468281,Toronto6,43.75141161604,Point,-79.6200566,,,
5477,85,368.652389126788,Toronto6,43.7474494543779,Point,-79.6131825,,,
5478,85,1659.51071630321,Toronto6,43.7509329993924,Point,-79.6073862,,,
5479,85,2132.16453354443,Toronto6,43.7487321563212,Point,-79.6065378,,,
5480,85,9602.31104351774,Toronto6,43.7410366242799,Point,-79.613036,-79.6121216,43.7406129,
5481,85,3057.84509604767,Toronto6,43.7517027422157,Point,-79.6228413,,,
5482,85,281.421735054198,Toronto6,43.7356377795338,Point,-79.6048614,,,
5483,85,6084.15406485773,Toronto6,43.7443095,Point,-79.6129838,,,
5484,85,7633.53272850651,Toronto6,43.7391238965274,Point,-79.6123608,,,flat
5485,85,2111.51430739951,Toronto6,43.743723,Point,-79.6235236,,,round
5486,85,3651.59314693134,Toronto6,43.7464308912948,Point,-79.6154698,-79.6154845,43.7467519,round
5487,85,5372.45234399055,Toronto6,43.745191387947,Point,-79.6169821,,,
5488,85,2308.69383063265,Toronto6,43.7514962268312,Point,-79.607585,,,
5489,85,332.450068157256,Toronto6,43.7434522,Point,-79.6186473,,,
5490,85,1655.50796393363,Toronto6,43.7469017479462,Point,-79.6057365,,,
5491,85,3603.31179644474,Toronto6,43.7514900841577,Point,-79.6233441,,,
5492,85,4239.72717055988,Toronto6,43.7414621103061,Point,-79.608227,-79.6074935,43.7414579,
5493,85,4893.40858089336,Toronto6,43.7483751971826,Point,-79.6274971,-79.6276021,43.7483075,flat
5494,85,1913.6398401311,Toronto6,43.7446482333001,Point,-79.6224205,,,
5495,85,2033.40366029751,Toronto6,43.7407414378671,Point,-79.6262748,,,
5496,85,4241.2111732384,Toronto6,43.7482585803314,Point,-79.6063327,,,flat
5497,85,9641.84214976009,Toronto6,43.7443551594877,Point,-79.6140441,,,flat
5498,85,6877.7085910017,Toronto6,43.7420231317498,Point,-79.6060077,-79.6058991,43.7421911,
5499,85,4193.70510423285,Toronto6,43.7406302805176,Point,-79.6176881,-79.6187919,43.74042,
5500,85,3360.43527512915,Toronto7,43.7769345326729,Point,-79.4884841,-79.4884552,43.7768973,
5501,85,590.848459708323,Toronto7,43.77243565,Point,-79.5087922,,,
5502,85,2796.02852674224,Toronto7,43.7721845312822,Point,-79.5063934,-79.5062353,43.7722062,
5503,85,2380.79790236205,Toronto7,43.7743741619302,Point,-79.5032981,-79.5029638,43.7741744,
5504,85,1690.67708757926,Toronto7,43.7731311935497,Point,-79.5086588,-79.5087199,43.7730991,
5505,85,862.391415834127,Toronto7,43.7683710255525,Point,-79.5162132,,,
5506,85,392.208449098578,Toronto7,43.7741508107296,Point,-79.5162493,,,
5507,85,8127.67447158934,Toronto7,43.7742938009108,Point,-79.5007974,-79.5024286,43.7743405,
5508,85,477.752893432756,Toronto7,43.7765633110506,Point,-79.5028503,-79.5024837,43.7764987,
5509,85,3301.27954084305,Toronto7,43.7731172725056,Point,-79.505747,-79.5046373,43.7730737,
5510,85,1833.38185572303,Toronto7,43.7734032722719,Point,-79.5081983,-79.5073841,43.7733364,
5511,85,4349.37520146952,Toronto7,43.7749072942156,Point,-79.4932166,-79.4928235,43.7751247,
5512,85,4208.35902764359,Toronto7,43.7751905934469,Point,-79.4917867,,,round
5513,85,136.496979818069,Toronto7,43.7749387833705,Point,-79.5010609,,,
5514,85,4669.66095736186,Toronto7,43.7687415474105,Point,-79.5178785,-79.517404,43.7690771,
5515,85,64.9268476176919,Toronto7,43.7743167018506,Point,-79.5167796,,,flat
5516,85,642.508180058318,Toronto7,43.7797962407295,Point,-79.4972477,-79.4973588,43.7797653,flat
5517,85,6197.02372745713,Toronto7,43.774510542716,Point,-79.5104343,,,
5518,85,700.496393232463,Toronto7,43.7691981068188,Point,-79.5136338,-79.5131121,43.7692496,
5519,85,35.8068156202345,Toronto7,43.7748091,Point,-79.5168736,,,
5520,85,86.2278553020451,Toronto7,43.77408455,Point,-79.5165431,,,
5521,85,539.421581504835,Toronto7,43.77639335,Point,-79.4984531,,,gabled
5522,85,1799.0369665875,Toronto7,43.7703868686367,Point,-79.5024232,-79.5020435,43.7703605,
5523,85,887.544873388593,Toronto7,43.7783398981911,Point,-79.4940572,-79.4940572,43.7781413,gabled
5524,85,1761.9266239265,Toronto7,43.7784169632978,Point,-79.4901415,,,
5525,85,3770.5468537015,Toronto7,43.772127503913,Point,-79.498358,,,
5526,85,187.248941228994,Toronto7,43.7701198128832,Point,-79.5049825,-79.5049825,43.7701892,
5527,85,1916.74220863056,Toronto7,43.772532873728,Point,-79.5022236,,,flat
5528,85,2211.68769169116,Toronto7,43.7712123195835,Point,-79.5022491,-79.502624,43.7714798,
5529,85,323.162500638567,Toronto7,43.7759463,Point,-79.5001088,,,
5530,85,4000.35679404756,Toronto7,43.7737473853596,Point,-79.5057577,-79.5065267,43.7738901,
5531,85,526.600383901365,Toronto7,43.769203050644,Point,-79.505226,,,flat
5532,85,4119.2985433532,Toronto7,43.7749535977108,Point,-79.5004022,,,
5533,85,2252.62755140918,Toronto7,43.7746677364746,Point,-79.5053877,,,round
5534,85,8281.92591681276,Toronto7,43.7796984971527,Point,-79.5090451,-79.5082793,43.7792563,flat
5535,85,10823.0262653202,Toronto7,43.7800552415188,Point,-79.5065457,-79.5065457,43.7803989,
5536,85,2824.63579087156,Toronto7,43.7733179267465,Point,-79.5172454,-79.516575,43.7735123,
5537,85,351.976605309081,Toronto7,43.7708126,Point,-79.5131459,,,
5538,85,8184.50286501866,Toronto7,43.7798279701652,Point,-79.507539,-79.5071871,43.7800978,flat
5539,85,146.066337794945,Toronto7,43.7738604699908,Point,-79.507417,,,
5540,85,1249.57771098635,Toronto7,43.7725396491608,Point,-79.4884438,-79.4889119,43.7726091,
5541,85,207.790771320535,Toronto7,43.77263715,Point,-79.5095924,,,inappropriate
5542,85,556.468577197117,Toronto7,43.7706675853014,Point,-79.5012594,,,flat
5543,85,670.452966518471,Toronto7,43.7691376491649,Point,-79.5053664,,,
5544,85,3477.58578782547,Toronto7,43.7764167507226,Point,-79.4909577,-79.4906528,43.7762514,
5545,85,352.793778015607,Toronto7,43.7707704,Point,-79.5020684,,,
5546,85,8200.11939144365,Toronto7,43.7765785719752,Point,-79.5061513,-79.5067973,43.7769028,
5547,85,338.060209398937,Toronto7,43.7757252890041,Point,-79.5000118,,,flat
5548,85,1850.31941714533,Toronto7,43.7774240089803,Point,-79.4900302,,,
5549,85,716.082144104259,Toronto7,43.76841795,Point,-79.5044164,,,
5550,85,9250.33144033861,Toronto7,43.7765019985487,Point,-79.4918073,-79.4918671,43.7771381,
5551,85,3008.48687253256,Toronto7,43.7699749149152,Point,-79.501104,,,flat
5552,85,260.67377309195,Toronto7,43.7722075698772,Point,-79.4884162,-79.4886322,43.7722393,
5553,85,1051.80234509442,Toronto7,43.772853575746,Point,-79.5100923,,,
5554,85,611.250817986449,Toronto7,43.7771248314222,Point,-79.5021806,,,
5555,85,341.377759726109,Toronto7,43.7742368241601,Point,-79.4930624,,,
5556,85,6594.07260284879,Toronto7,43.7733841385736,Point,-79.4992016,-79.4980343,43.773393,flat
5557,85,557.381157734606,Toronto7,43.7689979730886,Point,-79.5048089,,,
5558,85,319.536432896879,Toronto7,43.7697373509479,Point,-79.4887416,-79.4889776,43.7697724,
5559,85,1676.28040652596,Toronto7,43.7708614128493,Point,-79.5181536,-79.5184298,43.7714235,
5560,85,1677.74143719049,Toronto7,43.7785582792485,Point,-79.4896675,,,
5561,85,7821.57208061076,Toronto7,43.7728522879242,Point,-79.4995561,,,
5562,85,624.936060866804,Toronto7,43.7731303444587,Point,-79.5086302,,,flat
5563,85,3264.60089626157,Toronto7,43.7766927460445,Point,-79.4937258,,,
5564,85,2608.58884873177,Toronto7,43.7738004749034,Point,-79.4924127,,,flat
5565,85,6439.07163230672,Toronto7,43.772524481308,Point,-79.5053553,,,
5566,85,14727.0982599618,Toronto7,43.7744548007014,Point,-79.4915844,,,flat
5567,85,15143.6776612622,Toronto7,43.7761573315144,Point,-79.5034349,-79.5029342,43.7764647,flat
5568,85,2389.9543405375,Toronto7,43.7730177986147,Point,-79.5076269,-79.5076269,43.7725501,
5569,85,22.5831583411415,Toronto7,43.76906055,Point,-79.5044571,,,
5570,85,3706.32285448556,Toronto7,43.7794374308427,Point,-79.4899936,-79.4897021,43.7795779,
5571,85,1831.00452198461,Toronto7,43.7710024666664,Point,-79.5136589,,,
5572,85,684.837326503165,Toronto7,43.7750087549011,Point,-79.5171679,-79.5171679,43.7751374,
5573,85,992.667968555235,Toronto7,43.7738701016221,Point,-79.5003023,-79.500273,43.7740398,
5574,85,1179.71691176368,Toronto7,43.7687241878771,Point,-79.5149265,-79.514042,43.7687569,
5575,85,1543.68898213698,Toronto7,43.7758642151886,Point,-79.4884031,,,
5576,85,2594.47308090161,Toronto7,43.7765716958444,Point,-79.4896228,-79.4896228,43.7763376,
5577,85,185.918048617944,Toronto7,43.7753973392245,Point,-79.5176228,,,
5578,85,39.5041003976809,Toronto7,43.7731291677168,Point,-79.5087335,,,
5579,85,337.941460728865,Toronto7,43.7761673,Point,-79.5002012,,,
5580,85,2017.85719194622,Toronto7,43.7760387647269,Point,-79.503861,-79.5039396,43.7760916,
5581,85,7038.39405069955,Toronto7,43.7712917853066,Point,-79.5013132,,,
5582,85,351.691597937238,Toronto7,43.76852815,Point,-79.5125244,,,
5583,85,2696.55080915792,Toronto7,43.769659967581,Point,-79.5021801,-79.5021801,43.7698476,
5584,85,549.560940968489,Toronto7,43.7693737273565,Point,-79.4885751,-79.48889,43.7694198,gabled
5585,85,191.656123995118,Toronto7,43.7751081247247,Point,-79.5176142,,,
5586,85,81.2848880770477,Toronto7,43.7795448987362,Point,-79.497348,,,
5587,85,3585.92890890087,Toronto7,43.7776768633117,Point,-79.4938835,-79.4935635,43.7778997,
5588,85,2015.40652855881,Toronto7,43.7723583145653,Point,-79.510247,,,
5589,85,5944.10773507895,Toronto7,43.7779051888505,Point,-79.4927859,-79.491657,43.778236,
5590,85,43.2703941289957,Toronto7,43.77970705,Point,-79.4976485,,,
5591,85,1674.11300518083,Toronto7,43.7726223278867,Point,-79.5019785,,,flat
5592,85,395.31267288142,Toronto7,43.7729694051957,Point,-79.497932,,,
5593,85,529.352278509402,Toronto7,43.769169333789,Point,-79.5040853,,,
5594,85,97.6069862620216,Toronto7,43.7742955682269,Point,-79.5170362,,,
5595,85,2429.78778177059,Toronto7,43.772707443199,Point,-79.5091429,,,
5596,85,3642.12365367562,Toronto7,43.7772682157859,Point,-79.4910807,,,round
5597,85,526.699714097794,Toronto7,43.76930775,Point,-79.504761,,,gabled
5598,85,4728.39094305057,Toronto7,43.7759208757007,Point,-79.4937082,,,flat
5599,85,42780.7407632309,Toronto7,43.7777669288363,Point,-79.5187,-79.5159633,43.7780074,
5600,85,491.240239104945,Toronto8,43.6725367739964,Point,-79.2869817,-79.2869817,43.6726857,
5601,85,672.808033322783,Toronto8,43.680253774341,Point,-79.298653,-79.2988265,43.6802759,
5602,85,1057.70429471574,Toronto8,43.6779044677155,Point,-79.3029376,-79.3025982,43.6781016,
5603,85,163.329746103891,Toronto8,43.6702957,Point,-79.2997532,,,
5604,85,785.097703018542,Toronto8,43.6699805445066,Point,-79.2863095,,,
5605,85,141.05783519253,Toronto8,43.6692536071904,Point,-79.2985514,,,
5606,85,743.943405118727,Toronto8,43.6788206480882,Point,-79.2998515,,,
5607,85,644.055622081357,Toronto8,43.67343701626,Point,-79.2849258,-79.2844621,43.6734117,
5608,85,124.21935382321,Toronto8,43.6726036213776,Point,-79.2870117,,,
5609,85,460.637406706162,Toronto8,43.6708454924167,Point,-79.2972679,,,flat
5610,85,431.369269316861,Toronto8,43.6730694703447,Point,-79.2844308,-79.2843897,43.6731466,
5611,85,1003.21141728023,Toronto8,43.6716353371667,Point,-79.2937738,,,
5612,85,347.003895669216,Toronto8,43.6730222913757,Point,-79.2848163,-79.2850183,43.6729363,
5613,85,313.224266056116,Toronto8,43.673190506169,Point,-79.2861703,,,
5614,85,626.31853359928,Toronto8,43.6720870202707,Point,-79.3030201,-79.3026973,43.6721433,gabled
5615,85,189.58896438727,Toronto8,43.6725742076139,Point,-79.2871069,,,
5616,85,1324.71624737665,Toronto8,43.6805048250932,Point,-79.2921997,-79.2919673,43.6804948,
5617,85,212.799501349825,Toronto8,43.671043620109,Point,-79.2963168,,,gabled
5618,85,485.829550239688,Toronto8,43.67924335,Point,-79.2972161,,,
5619,85,1352.96545572897,Toronto8,43.6804148787984,Point,-79.2992412,-79.2996462,43.6801567,
5620,85,132.500549673911,Toronto8,43.6711191109215,Point,-79.2960988,,,
5621,85,120.551460619902,Toronto8,43.6710938585769,Point,-79.2961451,,,
5622,85,425.888301183981,Toronto8,43.6806337045532,Point,-79.3003502,-79.3002317,43.6806344,
5623,85,196.779085161615,Toronto8,43.6693357,Point,-79.301355,,,gabled
5624,85,1301.34837300426,Toronto8,43.678486449787,Point,-79.2992919,,,
5625,85,5950.30501532207,Toronto8,43.6742517161934,Point,-79.2988594,-79.2977561,43.6745503,gabled
5626,85,347.157499965491,Toronto8,43.6728133364237,Point,-79.2847281,-79.2849301,43.6727274,gabled
5627,85,347.062014666325,Toronto8,43.6709771472191,Point,-79.2967828,,,
5628,85,4112.6619002679,Toronto8,43.6792603186721,Point,-79.2824448,-79.2832233,43.6797731,
5629,85,495.628927482204,Toronto8,43.6703120543363,Point,-79.2975966,,,
5630,85,398.627344047741,Toronto8,43.672706173789,Point,-79.2860403,,,
5631,85,695.468855725307,Toronto8,43.6797225022287,Point,-79.2973876,-79.2978492,43.6795923,
5632,85,414.377866305579,Toronto8,43.6703215610994,Point,-79.2848929,,,
5633,85,608.132158173553,Toronto8,43.6798542361092,Point,-79.2973567,,,
5634,85,293.913055815046,Toronto8,43.6731490199054,Point,-79.2863652,,,
5635,85,262.906256915824,Toronto8,43.6733185945685,Point,-79.2831998,,,flat
5636,85,410.681233655511,Toronto8,43.670180405637,Point,-79.2983892,,,
5637,85,325.478434301991,Toronto8,43.6783308793605,Point,-79.2995397,-79.299631,43.6784354,
5638,85,856.854282374463,Toronto8,43.6802557785706,Point,-79.2865487,,,
5639,85,109.282859976894,Toronto8,43.6710712548714,Point,-79.2961572,,,
5640,85,202.000563047361,Toronto8,43.6741075535478,Point,-79.2815341,,,
5641,85,383.210409421818,Toronto8,43.6730188582431,Point,-79.2847026,-79.2844789,43.672869,
5642,85,494.548972368597,Toronto8,43.6707022646404,Point,-79.2984116,,,
5643,85,294.222638161499,Toronto8,43.6710087978082,Point,-79.2963113,,,
5644,85,204.177183919907,Toronto8,43.6718172546813,Point,-79.2869246,-79.2869246,43.6718287,
5645,85,312.26457926126,Toronto8,43.670967649174,Point,-79.2966866,,,
5646,85,651.954262722601,Toronto8,43.6716201546169,Point,-79.2965561,-79.2966617,43.671608,
5647,85,229.937320057317,Toronto8,43.6736379791462,Point,-79.2845891,-79.2843837,43.6735733,
5648,85,506.20543925551,Toronto8,43.6732501303048,Point,-79.2857982,,,flat
5649,85,71.7059768242551,Toronto8,43.6695184127114,Point,-79.3016318,,,round
5650,85,184.128719924708,Toronto8,43.67250105,Point,-79.2873281,,,
5651,85,934.948621811543,Toronto8,43.6814224303677,Point,-79.2833708,,,
5652,85,223.88235328678,Toronto8,43.6719310113008,Point,-79.2867535,,,
5653,85,847.029089089662,Toronto8,43.6793996689472,Point,-79.2965961,-79.2965961,43.6795141,gabled
5654,85,431.453637581609,Toronto8,43.6731126677987,Point,-79.2842049,-79.2841637,43.6731898,gabled
5655,85,574.077695240564,Toronto8,43.6707590196306,Point,-79.2979384,,,round
5656,85,36.5203455953308,Toronto8,43.6720783763657,Point,-79.2870059,,,
5657,85,1100.64369220465,Toronto8,43.6703044951145,Point,-79.3004735,-79.3002769,43.6702892,flat
5658,85,1875.34665456107,Toronto8,43.6782375909358,Point,-79.3024015,-79.3024746,43.6780085,
5659,85,165.43542044077,Toronto8,43.6723210064807,Point,-79.2870868,,,
5660,85,896.502329847131,Toronto8,43.6710882603782,Point,-79.3012997,-79.3011362,43.6709597,
5661,85,324.870817061218,Toronto8,43.67841405,Point,-79.2993301,,,
5662,85,1648.33202169597,Toronto8,43.6766512332879,Point,-79.2900333,,,
5663,85,907.564999454245,Toronto8,43.67779155,Point,-79.3035845,,,
5664,85,980.441585554599,Toronto8,43.6769602071074,Point,-79.3033027,,,
5665,85,502.294080862297,Toronto8,43.6772545828521,Point,-79.302502,,,
5666,85,1003.04909418089,Toronto8,43.6707305417494,Point,-79.2960668,,,
5667,85,423.672838002256,Toronto8,43.6702234241059,Point,-79.2982031,,,
5668,85,1951.95255422798,Toronto8,43.6784008478173,Point,-79.3021169,,,
5669,85,256.833261115789,Toronto8,43.67029058623,Point,-79.2977624,,,
5670,85,212.94550389045,Toronto8,43.6716238503341,Point,-79.2950565,,,
5671,85,124.096812625639,Toronto8,43.6733742163762,Point,-79.2850478,,,
5672,85,117.919190295359,Toronto8,43.6706093785347,Point,-79.2968111,,,
5673,85,2467.5171612633,Toronto8,43.6740826528776,Point,-79.2990222,,,
5674,85,202.651647887897,Toronto8,43.6728938664569,Point,-79.2873432,,,
5675,85,1164.53396470705,Toronto8,43.672938657964,Point,-79.2899314,-79.2896611,43.6729072,
5676,85,361.924784557687,Toronto8,43.67247834568,Point,-79.2866684,,,
5677,85,843.257710824841,Toronto8,43.6771476157518,Point,-79.3028952,,,
5678,85,785.451211447534,Toronto8,43.6735894,Point,-79.282239,,,flat
5679,85,438.638685941773,Toronto8,43.6726847633437,Point,-79.2860563,-79.2860783,43.6727975,
5680,85,704.601845687512,Toronto8,43.68070707483,Point,-79.283196,,,gabled
5681,85,1531.58752905846,Toronto8,43.6807054255922,Point,-79.2936467,-79.2936467,43.6805252,
5682,85,1711.63740469262,Toronto8,43.6793461118276,Point,-79.2971155,-79.297936,43.6793756,
5683,85,252.447829201961,Toronto8,43.6721780197191,Point,-79.2870106,,,flat
5684,85,276.743448087415,Toronto8,43.6731968703129,Point,-79.2839955,,,
5685,85,401.397268362785,Toronto8,43.6701179420744,Point,-79.2984266,-79.2985379,43.6701496,
5686,85,187.991368178485,Toronto8,43.6716839957561,Point,-79.2866567,,,
5687,85,265.046298631839,Toronto8,43.67013625,Point,-79.3009628,,,
5688,85,306.908088792424,Toronto8,43.6801839948815,Point,-79.2990965,,,
5689,85,659.231200797347,Toronto8,43.6723419889297,Point,-79.2879263,-79.2876928,43.6723025,
5690,85,2751.73248138481,Toronto8,43.6713456814632,Point,-79.2952727,-79.2949675,43.6715423,
5691,85,438.349424438554,Toronto8,43.6702125837951,Point,-79.300636,,,
5692,85,2860.09697442292,Toronto8,43.6803130329942,Point,-79.2945821,,,
5693,85,1031.20303500048,Toronto8,43.6784681096717,Point,-79.3016216,,,
5694,85,1118.99291541761,Toronto8,43.6715902595533,Point,-79.2942622,-79.2936411,43.6717173,
5695,85,360.340283129218,Toronto8,43.6714789632092,Point,-79.2942049,,,
5696,85,134.938175486898,Toronto8,43.670394149634,Point,-79.2872143,,,
5697,85,362.016021894296,Toronto8,43.67267805,Point,-79.2867532,,,
5698,85,110.98000597971,Toronto8,43.6709396760163,Point,-79.2966753,,,
5699,85,422.961829077474,Toronto8,43.6708855796822,Point,-79.2971563,,,flat
5700,85,1107.78629851144,Toronto9,43.7267828006976,Point,-79.2935933,,,
5701,85,1427.17730617118,Toronto9,43.7189215338949,Point,-79.2867059,,,flat
5702,85,111.750454460553,Toronto9,43.7297249445884,Point,-79.2942453,,,
5703,85,2927.22402049836,Toronto9,43.7212569054412,Point,-79.2952838,,,
5704,85,25.1125793845169,Toronto9,43.7237880180763,Point,-79.2961194,,,
5705,85,2502.49255024658,Toronto9,43.7268564800017,Point,-79.2818709,,,
5706,85,2316.92090053244,Toronto9,43.7215078171343,Point,-79.2811252,,,
5707,85,1780.87168868603,Toronto9,43.7212372666549,Point,-79.2830397,-79.2828688,43.7211414,round
5708,85,1824.27695866495,Toronto9,43.7252248136568,Point,-79.2843598,,,
5709,85,2428.77689687991,Toronto9,43.7209510316527,Point,-79.2843664,,,
5710,85,4687.22069815566,Toronto9,43.7250766570049,Point,-79.2916242,-79.2910023,43.7251408,
5711,85,857.196021529715,Toronto9,43.720646989689,Point,-79.2873786,-79.2873786,43.7208287,
5712,85,5460.3559584788,Toronto9,43.7300245548978,Point,-79.290171,-79.289697,43.7301985,
5713,85,1110.37578802429,Toronto9,43.7251882921824,Point,-79.2797441,,,flat
5714,85,4288.90057582009,Toronto9,43.7295331797684,Point,-79.2844012,,,
5715,85,9386.60337141523,Toronto9,43.7236684761452,Point,-79.2819191,,,
5716,85,473.25435698598,Toronto9,43.729162654559,Point,-79.2981404,,,
5717,85,6103.18066394659,Toronto9,43.718280941401,Point,-79.2850956,,,
5718,85,275.079728092134,Toronto9,43.7284565241952,Point,-79.2830584,,,gabled
5719,85,314.008968759958,Toronto9,43.7192958114052,Point,-79.2780561,,,
5720,85,1930.71579672154,Toronto9,43.7190669965469,Point,-79.2835428,,,
5721,85,3113.11845167793,Toronto9,43.7193229200744,Point,-79.2886825,-79.2887875,43.7194157,
5722,85,3719.62298324716,Toronto9,43.7220310512569,Point,-79.276784,-79.276302,43.7218023,
5723,85,4275.48196867679,Toronto9,43.7231885306613,Point,-79.2852528,-79.2848432,43.7228762,
5724,85,1761.92957313477,Toronto9,43.7270438649025,Point,-79.2835107,,,gabled
5725,85,625.022493874826,Toronto9,43.7261376171773,Point,-79.2919417,-79.2919417,43.7262512,
5726,85,35.6260643610873,Toronto9,43.7244380466586,Point,-79.2977647,,,
5727,85,39.0167379962412,Toronto9,43.7246303,Point,-79.2984154,,,flat
5728,85,1070.82415967829,Toronto9,43.7264934206522,Point,-79.2830036,,,
5729,85,902.166547470086,Toronto9,43.721802,Point,-79.278925,,,
5730,85,12724.0304514054,Toronto9,43.7259840470532,Point,-79.2814225,,,
5731,85,1372.18877261048,Toronto9,43.727135623143,Point,-79.2935565,,,
5732,85,727.102641017786,Toronto9,43.72144655,Point,-79.2886178,,,
5733,85,1279.92024863431,Toronto9,43.7229851689412,Point,-79.2881666,,,
5734,85,6352.34214795565,Toronto9,43.7222558359211,Point,-79.2926168,-79.2914241,43.7221589,
5735,85,894.501847746258,Toronto9,43.7309347953957,Point,-79.2759454,,,
5736,85,2255.77880958588,Toronto9,43.7243343357842,Point,-79.283651,,,
5737,85,4378.31843764591,Toronto9,43.71902795,Point,-79.2817161,,,
5738,85,11788.2517459207,Toronto9,43.7313058649806,Point,-79.2826379,,,
5739,85,241.171998719672,Toronto9,43.7268569,Point,-79.2842362,,,flat
5740,85,15294.5847212008,Toronto9,43.7243210777464,Point,-79.2883372,-79.2878444,43.7239399,
5741,85,646.702740806395,Toronto9,43.72803935,Point,-79.2988017,,,
5742,85,10220.6043300486,Toronto9,43.7265101275245,Point,-79.290541,-79.2899989,43.726857,
5743,85,377.708502033506,Toronto9,43.72884005,Point,-79.2811029,,,
5744,85,438.302347848347,Toronto9,43.7267969045212,Point,-79.2852485,,,flat
5745,85,3420.90271125205,Toronto9,43.7251122418731,Point,-79.2782618,-79.2782618,43.7253645,
5746,85,4570.73623201313,Toronto9,43.7278604907289,Point,-79.2907144,-79.2908214,43.7273417,flat
5747,85,968.173885683537,Toronto9,43.725838096837,Point,-79.2841316,,,flat
5748,85,841.258983892978,Toronto9,43.7307003024688,Point,-79.2812299,,,
5749,85,1563.81659716156,Toronto9,43.7244195278008,Point,-79.2750894,,,
5750,85,831.682356037229,Toronto9,43.7278711599008,Point,-79.2853791,,,
5751,85,9450.35588386892,Toronto9,43.7294338348643,Point,-79.2914235,-79.2913681,43.7297763,
5752,85,1492.4968888033,Toronto9,43.7298473592129,Point,-79.2752549,-79.2752549,43.7302055,
5753,85,7562.32850978286,Toronto9,43.7256527754748,Point,-79.2824899,-79.2816988,43.725116,
5754,85,10211.6405344799,Toronto9,43.7307071579729,Point,-79.2853062,-79.2848659,43.7311125,
5755,85,437.702879771382,Toronto9,43.7286853433773,Point,-79.2858875,-79.2858875,43.7288253,
5756,85,1930.5699249355,Toronto9,43.7249700237833,Point,-79.2754549,,,
5757,85,8604.8768028965,Toronto9,43.7269075797714,Point,-79.2892837,-79.2885827,43.7272098,flat
5758,85,7456.22184815886,Toronto9,43.7233108189244,Point,-79.2876266,-79.2864194,43.7234409,
5759,85,3004.45725594317,Toronto9,43.728075745714,Point,-79.2841578,-79.2831915,43.7282066,
5760,85,336.190927653561,Toronto9,43.7227961300576,Point,-79.2755015,,,flat
5761,85,2865.90862276579,Toronto9,43.7228433873969,Point,-79.2772746,-79.2769608,43.7226535,
5762,85,215.761256228074,Toronto9,43.72732995,Point,-79.2870101,,,
5763,85,874.506574934357,Toronto9,43.7238505699305,Point,-79.2763633,,,flat
5764,85,1001.70361836406,Toronto9,43.7220551951902,Point,-79.2889088,,,
5765,85,19035.2183064486,Toronto9,43.7262413263857,Point,-79.3004027,-79.2983739,43.7257922,
5766,85,1107.42428915367,Toronto9,43.7237119270518,Point,-79.2764309,,,
5767,85,1112.72429646016,Toronto9,43.7228987437823,Point,-79.2816852,,,
5768,85,3264.33622278432,Toronto9,43.7187283459872,Point,-79.2798724,-79.2798724,43.7184716,
5769,85,622.601314728216,Toronto9,43.7273100303204,Point,-79.2844052,,,
5770,85,1477.23994172931,Toronto9,43.7300018794225,Point,-79.2744724,,,flat
5771,85,1807.63769939528,Toronto9,43.7189890043275,Point,-79.2789455,,,flat
5772,85,5449.6828077989,Toronto9,43.7258781893847,Point,-79.2783349,-79.2780649,43.7255609,
5773,85,8779.79343525032,Toronto9,43.7200957202183,Point,-79.2938831,-79.2939056,43.7204029,
5774,85,20284.7190001367,Toronto9,43.7283455496699,Point,-79.2946386,-79.2967857,43.7285684,flat
5775,85,1635.96192964288,Toronto9,43.7205742593133,Point,-79.2832271,,,
5776,85,566.383422055893,Toronto9,43.7239082157882,Point,-79.2905347,,,
5777,85,8481.67476495424,Toronto9,43.7214468437249,Point,-79.2790243,-79.2783017,43.7216929,flat
5778,85,154.404782670884,Toronto9,43.72714505,Point,-79.2868789,,,flat
5779,85,188.615700720552,Toronto9,43.7251455009852,Point,-79.2977774,,,
5780,85,4927.31568399963,Toronto9,43.7208272204503,Point,-79.2950941,,,flat
5781,85,293.91917273415,Toronto9,43.7224993942374,Point,-79.2986791,,,
5782,85,666.147792184544,Toronto9,43.7244718298259,Point,-79.2762203,,,
5783,85,2143.89260772271,Toronto9,43.7277826547429,Point,-79.2976524,-79.2977445,43.7281084,flat
5784,85,720.365132894264,Toronto9,43.7291923194023,Point,-79.2829693,,,
5785,85,28701.4460442994,Toronto9,43.7236261933112,Point,-79.2984054,-79.2981394,43.724547,flat
5786,85,813.540460937234,Toronto9,43.7231074009639,Point,-79.2760137,,,
5787,85,727.641787914479,Toronto9,43.7209825690077,Point,-79.2814588,,,
5788,85,182.132082927895,Toronto9,43.7296508,Point,-79.2946243,,,
5789,85,467.697716686388,Toronto9,43.7219437994645,Point,-79.2985923,,,
5790,85,448.772724351039,Toronto9,43.7187479,Point,-79.2914052,,,
5791,85,3393.60237053472,Toronto9,43.7230438699929,Point,-79.2938065,-79.2934211,43.7231755,
5792,85,8155.63070027475,Toronto9,43.722158701843,Point,-79.2847927,-79.2829478,43.7222801,
5793,85,7255.32756513938,Toronto9,43.7292215749769,Point,-79.2932904,-79.2924833,43.7296143,round
5794,85,730.317485044835,Toronto9,43.7249038826565,Point,-79.2902768,,,
5795,85,657.392074694107,Toronto9,43.72850845,Point,-79.2994159,,,
5796,85,31.0959802775552,Toronto9,43.7268459999013,Point,-79.2964324,,,
5797,85,1501.54768489177,Toronto9,43.7265444126997,Point,-79.2842089,,,
5798,85,2189.80405785556,Toronto9,43.7248172501226,Point,-79.2854929,,,round
5799,85,1341.49595506908,Toronto9,43.7245104983799,Point,-79.2857469,,,inappropriate
5800,71,209.116339243533,Toronto10,43.6586883932408,Point,-79.3813109,,,
5801,71,621.190060209476,Toronto10,43.657566,Point,-79.3787052,,,
5802,71,980.317940309615,Toronto10,43.6590687190343,Point,-79.3812442,,,
5803,71,851.163958429903,Toronto10,43.6598343989756,Point,-79.380659,,,
5804,71,1303.41345539865,Toronto10,43.6589409062863,Point,-79.3814417,,,flat
5805,71,541.938243918883,Toronto10,43.6597703786364,Point,-79.3783573,,,
5806,71,501.038328439687,Toronto10,43.6593049579319,Point,-79.3816747,,,
5807,71,485.123688659459,Toronto10,43.6576369854967,Point,-79.3816169,,,
5808,71,249.264919530635,Toronto10,43.6584195468621,Point,-79.3792918,,,round
5809,71,155.784687870229,Toronto10,43.6588180099454,Point,-79.382134,,,flat
5810,71,161.296064413146,Toronto10,43.6568614654943,Point,-79.378916,,,
5811,71,173.81575510464,Toronto10,43.65664395,Point,-79.3755059,,,
5812,71,411.365067071019,Toronto10,43.6583080225599,Point,-79.3822358,,,
5813,71,859.560267489327,Toronto10,43.6571584235668,Point,-79.3806936,,,flat
5814,71,144.777606989681,Toronto10,43.6575694710579,Point,-79.3823893,,,gabled
5815,71,1151.8949078649,Toronto10,43.65786912097,Point,-79.3807626,-79.3807626,43.6579593,
5816,71,2722.60771895908,Toronto10,43.6593267938735,Point,-79.3751201,-79.3747976,43.6593675,
5817,71,2927.66311340587,Toronto10,43.6581671089568,Point,-79.3784543,-79.3799855,43.6578716,
5818,71,1018.58709729248,Toronto10,43.6596884,Point,-79.3771016,,,
5819,71,695.352343220238,Toronto10,43.6571341155627,Point,-79.3818308,,,flat
5820,71,423.686654751317,Toronto10,43.6595678018495,Point,-79.3811549,-79.38091,43.6595611,
5821,71,1082.41909182216,Toronto10,43.6565152421404,Point,-79.3795596,,,
5822,71,359.040887393242,Toronto10,43.6595500574133,Point,-79.3764235,,,
5823,71,180.447521517437,Toronto10,43.65667655,Point,-79.3753574,,,
5824,71,5340.92928457292,Toronto10,43.65812415,Point,-79.3752934,,,
5825,71,426.003302963561,Toronto10,43.6579425694286,Point,-79.3783026,,,
5826,71,192.588089296775,Toronto10,43.656913055068,Point,-79.3762806,,,
5827,71,419.978940549673,Toronto10,43.6569996252922,Point,-79.3743553,-79.3743187,43.6568918,
5828,71,451.38302834044,Toronto10,43.6573865873602,Point,-79.381521,,,
5829,71,1213.22673258551,Toronto10,43.6565727427406,Point,-79.3782529,,,
5830,71,341.718817702356,Toronto10,43.6567455656751,Point,-79.3786523,,,gabled
5831,71,209.828753408856,Toronto10,43.6585306575351,Point,-79.3820013,,,
5832,71,1248.61248463608,Toronto10,43.6577517114744,Point,-79.378586,-79.3784961,43.6576868,
5833,71,181.207279232948,Toronto10,43.6563300495914,Point,-79.3774707,,,
5834,71,324.105130578998,Toronto10,43.6589233308099,Point,-79.3821843,,,
5835,71,3432.67419049557,Toronto10,43.6593662213308,Point,-79.3799657,-79.3805612,43.6592658,
5836,71,365.660409827041,Toronto10,43.6575252772847,Point,-79.3821695,,,
5837,71,328.747459744826,Toronto10,43.6579765689639,Point,-79.3817796,,,
5838,71,470.76572918418,Toronto10,43.6598331532363,Point,-79.3750477,,,
5839,71,1066.31678350984,Toronto10,43.65974205,Point,-79.3818638,,,
5840,71,664.5933790935,Toronto10,43.65733775,Point,-79.3781311,,,
5841,71,317.283721257219,Toronto10,43.6580976146594,Point,-79.3810398,,,
5842,71,1568.88163476107,Toronto10,43.6578040654244,Point,-79.3810193,-79.3808548,43.657663,
5843,71,559.844267533684,Toronto10,43.6572375749292,Point,-79.3797826,,,
5844,71,2490.38082854016,Toronto10,43.6596147448277,Point,-79.3777932,,,
5845,71,341.185467951037,Toronto10,43.6571193333421,Point,-79.3785144,,,
5846,71,117.923276634919,Toronto10,43.658274441755,Point,-79.3813266,,,
5847,71,1498.99047652912,Toronto10,43.6568723708133,Point,-79.3795532,,,
5848,71,119.836389772674,Toronto10,43.658358814692,Point,-79.3813631,,,
5849,71,4251.39339545007,Toronto10,43.6586806815798,Point,-79.3777004,-79.3776397,43.6587401,
5850,71,273.102769743213,Toronto10,43.6577288960132,Point,-79.3816449,,,
5851,71,746.881027080426,Toronto10,43.6563675272016,Point,-79.3765693,,,
5852,71,317.066731214975,Toronto10,43.6592496045768,Point,-79.3759682,,,
5853,71,678.169042816942,Toronto10,43.6593532931502,Point,-79.3759697,-79.3756313,43.6593076,
5854,71,273.925964983552,Toronto10,43.6597523407987,Point,-79.3747894,,,
5855,71,118.13755862964,Toronto10,43.657585716463,Point,-79.3823086,,,
5856,71,404.105288820353,Toronto10,43.6585804121132,Point,-79.3812468,,,
5857,71,419.530571826773,Toronto10,43.6574584206901,Point,-79.3815441,,,flat
5858,71,3493.59578045909,Toronto10,43.6589540669293,Point,-79.3788603,-79.3786059,43.658742,
5859,71,107.899459488835,Toronto10,43.6583164150397,Point,-79.381343,,,
5860,71,1211.19289982234,Toronto10,43.6573961521654,Point,-79.3806699,,,
5861,71,228.328334795803,Toronto10,43.6584276230366,Point,-79.3811974,,,
5862,71,91.1528236556318,Toronto10,43.6562858701323,Point,-79.3774975,,,flat
5863,71,3900.79033513707,Toronto10,43.658629209691,Point,-79.3797869,-79.3800326,43.6589697,
5864,71,585.414110719644,Toronto10,43.6562674779494,Point,-79.3805817,,,round
5865,71,1606.96957728341,Toronto10,43.6564803694153,Point,-79.3786127,,,
5866,71,163.333825093367,Toronto10,43.6584675559168,Point,-79.3822872,,,
5867,71,1438.30541113046,Toronto10,43.6567493,Point,-79.3752724,,,
5868,71,632.824686905504,Toronto10,43.6590890831518,Point,-79.3755827,,,
5869,71,1383.26396654847,Toronto10,43.658717706443,Point,-79.376143,-79.3760237,43.6587477,
5870,71,462.325003435412,Toronto10,43.6586827048254,Point,-79.3746981,-79.3748953,43.6587667,
5871,71,225.333900313104,Toronto10,43.659414514711,Point,-79.3819462,,,
5872,71,540.441650401939,Toronto10,43.6596453,Point,-79.3762893,,,round
5873,71,4241.27797645643,Toronto10,43.6581572349457,Point,-79.3745489,-79.3737969,43.6577609,
5874,71,380.524066670453,Toronto10,43.6579543702639,Point,-79.3823836,,,
5875,71,141.973999267425,Toronto10,43.6587428655014,Point,-79.3821013,,,flat
5876,71,251.291843438601,Toronto10,43.6578098247135,Point,-79.3788068,,,
5877,71,78.2470914133659,Toronto10,43.6588906,Point,-79.382282,,,flat
5878,71,1399.33840807645,Toronto10,43.6600121062147,Point,-79.3762661,,,
5879,71,4209.4733223865,Toronto10,43.6584516453358,Point,-79.3807626,-79.3803625,43.6580534,inappropriate
5880,71,4336.39960006778,Toronto10,43.6575921709253,Point,-79.3776493,,,
5881,71,159.069583873716,Toronto10,43.6595261413491,Point,-79.3821453,,,flat
5882,71,700.770173265688,Toronto10,43.6564843243291,Point,-79.3747445,-79.374843,43.6565216,
5883,71,194.477993066926,Toronto10,43.658027394813,Point,-79.3811105,,,
5884,71,342.669301296616,Toronto10,43.6582393354519,Point,-79.3811021,,,
5885,71,511.687677566364,Toronto10,43.6573203224115,Point,-79.3822329,,,
5886,71,7982.52093742853,Toronto10,43.6577194155313,Point,-79.376387,,,
5887,71,1489.57943042285,Toronto10,43.6568655564007,Point,-79.378461,,,
5888,71,387.204895322923,Toronto10,43.6584969124556,Point,-79.3812077,,,
5889,71,985.95448100118,Toronto10,43.6591035905705,Point,-79.3762884,-79.3764366,43.6590622,
5890,71,811.576743519262,Toronto10,43.6598847720233,Point,-79.3815229,,,
5891,71,199.576690374669,Toronto10,43.6584063663094,Point,-79.3822644,,,
5892,71,226.389645956558,Toronto10,43.6569791,Point,-79.3788051,,,
5893,71,243.898835843479,Toronto10,43.6576095,Point,-79.3822431,,,
5894,71,190.282926495913,Toronto10,43.6566601,Point,-79.375435,,,flat
5895,71,243.872537517158,Toronto10,43.6589765975144,Point,-79.3804732,,,
5896,71,318.710868823995,Toronto10,43.65816835,Point,-79.3810671,,,
5897,71,337.653083209763,Toronto10,43.6568506394671,Point,-79.3764259,,,
5898,71,462.493530389815,Toronto10,43.65726005,Point,-79.3818308,,,gabled
5899,71,475.768333843455,Toronto10,43.6568437885314,Point,-79.3771252,,,flat
5900,85,233.548551994506,Toronto1,43.611076517695,Point,-79.6267449,,,flat
5901,85,147.020305895477,Toronto1,43.6046012187736,Point,-79.6324172,,,
5902,85,121.539304935021,Toronto1,43.6115476270818,Point,-79.6191854,,,
5903,85,269.47379803807,Toronto1,43.6097095702504,Point,-79.6291919,,,
5904,85,176.637527937586,Toronto1,43.6082244471288,Point,-79.6213618,,,round
5905,85,137.400104472888,Toronto1,43.6030271518051,Point,-79.6302735,,,
5906,85,195.148553888323,Toronto1,43.607277193109,Point,-79.6248846,,,
5907,85,153.309194366002,Toronto1,43.603180721315,Point,-79.6197647,,,flat
5908,85,445.430514040251,Toronto1,43.6104717551747,Point,-79.6302987,-79.6299123,43.6104386,
5909,85,141.239259968045,Toronto1,43.6047257474179,Point,-79.6329986,,,
5910,85,230.200507086628,Toronto1,43.6065853311908,Point,-79.6264314,-79.6264314,43.6064982,inappropriate
5911,85,293.390538070386,Toronto1,43.6111208836005,Point,-79.6257922,,,
5912,85,146.692458879775,Toronto1,43.6079257673127,Point,-79.6208453,,,
5913,85,302.230412598488,Toronto1,43.6107897689644,Point,-79.6251847,,,
5914,85,183.646265097352,Toronto1,43.6088493170628,Point,-79.621687,,,
5915,85,260.158425398649,Toronto1,43.6075683239998,Point,-79.6291262,,,
5916,85,154.753317286331,Toronto1,43.6025511303424,Point,-79.6207837,,,
5917,85,175.035674160053,Toronto1,43.6087781365923,Point,-79.6202126,,,flat
5918,85,255.197041572163,Toronto1,43.6042203310134,Point,-79.6268211,,,
5919,85,2133.09939684871,Toronto1,43.6129546025232,Point,-79.6263259,-79.6266263,43.6130984,
5920,85,282.646705195867,Toronto1,43.6077458354356,Point,-79.6290204,,,
5921,85,124.148669971578,Toronto1,43.611563308562,Point,-79.6282278,,,
5922,85,473.278866434862,Toronto1,43.6098224604266,Point,-79.621686,-79.6214997,43.6097418,
5923,85,237.105960007537,Toronto1,43.607240428031,Point,-79.6289934,,,
5924,85,117.371720165795,Toronto1,43.6015586,Point,-79.6218496,,,
5925,85,140.048342086912,Toronto1,43.6057764178278,Point,-79.6227194,,,flat
5926,85,331.585450621398,Toronto1,43.6066791894893,Point,-79.6304565,-79.6301018,43.6066475,inappropriate
5927,85,169.955286695941,Toronto1,43.6037135586922,Point,-79.6205934,-79.6204426,43.6037413,
5928,85,117.647566545015,Toronto1,43.603930097358,Point,-79.6357844,,,
5929,85,64.7156814012253,Toronto1,43.6126501010338,Point,-79.6275881,,,
5930,85,257.358604262892,Toronto1,43.6089677823842,Point,-79.6185873,-79.6185873,43.6090528,
5931,85,403.511142622646,Toronto1,43.6074626294008,Point,-79.6306156,-79.6303756,43.6074088,
5932,85,257.688462286558,Toronto1,43.6050248735623,Point,-79.6247581,,,
5933,85,133.290545219227,Toronto1,43.6049507511427,Point,-79.6336848,,,gabled
5934,85,254.733846526289,Toronto1,43.6112049431839,Point,-79.6272159,,,
5935,85,257.199787937854,Toronto1,43.6094008599288,Point,-79.6192901,,,
5936,85,88.9146086987278,Toronto1,43.6127368360815,Point,-79.6254488,,,
5937,85,254.779707446101,Toronto1,43.6018801275692,Point,-79.6236608,,,inappropriate
5938,85,160.375330236594,Toronto1,43.6068852490089,Point,-79.6229855,,,inappropriate
5939,85,119.02037245102,Toronto1,43.6046973426013,Point,-79.6291953,,,
5940,85,183.336667927005,Toronto1,43.6104652231426,Point,-79.6276132,,,
5941,85,106.186027078694,Toronto1,43.61133215,Point,-79.623568,,,
5942,85,167.536000843302,Toronto1,43.6034336919771,Point,-79.6186577,,,
5943,85,256.061195700965,Toronto1,43.6096337911418,Point,-79.6197698,,,
5944,85,257.844014078554,Toronto1,43.603828807548,Point,-79.6257548,,,
5945,85,136.477647897975,Toronto1,43.6094096889119,Point,-79.6234994,,,
5946,85,294.401532621969,Toronto1,43.6096347453524,Point,-79.62385,-79.62385,43.6096737,
5947,85,216.668424807348,Toronto1,43.6107060396981,Point,-79.6183304,,,flat
5948,85,185.995413340192,Toronto1,43.6091629063052,Point,-79.6242889,,,flat
5949,85,208.383631500802,Toronto1,43.606295650578,Point,-79.623701,,,
5950,85,66.848364578272,Toronto1,43.6095922840267,Point,-79.6248423,,,
5951,85,174.663470347432,Toronto1,43.6095347084117,Point,-79.6247209,,,
5952,85,200.621160982168,Toronto1,43.6036437,Point,-79.6226131,,,
5953,85,168.263283047659,Toronto1,43.6076092902286,Point,-79.6233051,,,
5954,85,281.931715146525,Toronto1,43.6043022948082,Point,-79.6235455,,,
5955,85,186.858499451873,Toronto1,43.6070057934272,Point,-79.6289264,,,
5956,85,202.427177164726,Toronto1,43.6093182421953,Point,-79.6223743,,,
5957,85,183.667369174967,Toronto1,43.6086993043441,Point,-79.6216599,,,
5958,85,208.270176530979,Toronto1,43.6090277560594,Point,-79.6204433,,,
5959,85,158.707165163374,Toronto1,43.605365953295,Point,-79.6269938,,,
5960,85,173.572330625582,Toronto1,43.6055947637565,Point,-79.6258839,,,
5961,85,257.83504371668,Toronto1,43.6041473058921,Point,-79.6245067,,,
5962,85,10881.7646411672,Toronto1,43.6028178576598,Point,-79.6259088,-79.6254095,43.602409,flat
5963,85,134.843173890505,Toronto1,43.602971683278,Point,-79.6217649,,,
5964,85,244.630109679319,Toronto1,43.6049438943143,Point,-79.622832,,,flat
5965,85,267.20968552892,Toronto1,43.6113689130751,Point,-79.6262498,,,
5966,85,148.21388973153,Toronto1,43.6086447123824,Point,-79.6208941,,,
5967,85,227.645487702416,Toronto1,43.6052347060265,Point,-79.6209829,,,
5968,85,289.962788491463,Toronto1,43.6091044433201,Point,-79.6289968,,,
5969,85,136.014416346217,Toronto1,43.6037888529126,Point,-79.6318199,,,
5970,85,117.55128137217,Toronto1,43.6038558909578,Point,-79.6355574,,,
5971,85,288.370833098439,Toronto1,43.609962516069,Point,-79.6289632,,,
5972,85,334.152732880733,Toronto1,43.6098315349128,Point,-79.6282952,,,
5973,85,237.699104808395,Toronto1,43.6047914506497,Point,-79.6203772,,,flat
5974,85,187.630529816132,Toronto1,43.6105146929342,Point,-79.6279876,,,flat
5975,85,154.701248238534,Toronto1,43.6051389583239,Point,-79.6184875,,,
5976,85,225.085819677072,Toronto1,43.6036206289147,Point,-79.6193038,,,
5977,85,147.401947961118,Toronto1,43.611906188988,Point,-79.6227376,,,
5978,85,127.578127847304,Toronto1,43.6125988831181,Point,-79.6250825,,,
5979,85,203.092994048156,Toronto1,43.6106254678636,Point,-79.6281138,,,
5980,85,255.308212715583,Toronto1,43.6041591586283,Point,-79.6220995,,,flat
5981,85,174.374806604966,Toronto1,43.6081255415171,Point,-79.6219584,,,
5982,85,161.378873800746,Toronto1,43.6066797533943,Point,-79.6271579,,,
5983,85,198.751538495885,Toronto1,43.6053161868846,Point,-79.6272218,,,
5984,85,248.702705857198,Toronto1,43.6116851,Point,-79.6278474,,,
5985,85,1464.23960357614,Toronto1,43.6062137586646,Point,-79.6297843,-79.6297843,43.6062365,
5986,85,299.453284464328,Toronto1,43.60858625,Point,-79.6289379,,,
5987,85,241.108864831495,Toronto1,43.6029874337711,Point,-79.6183773,,,
5988,85,1239.46230765055,Toronto1,43.610729855373,Point,-79.6309887,-79.6306412,43.610751,
5989,85,139.744175139742,Toronto1,43.611401290399,Point,-79.6301642,,,
5990,85,23.8050764294673,Toronto1,43.6069103862938,Point,-79.6214084,,,
5991,85,155.685835854192,Toronto1,43.6061484161594,Point,-79.6267836,,,
5992,85,172.377372785829,Toronto1,43.6031041221835,Point,-79.6294702,-79.6294346,43.6030304,
5993,85,102.211978237833,Toronto1,43.60750405,Point,-79.6219708,,,
5994,85,282.634192776418,Toronto1,43.6093601097756,Point,-79.627997,,,
5995,85,226.243372923216,Toronto1,43.610663160305,Point,-79.6273181,,,
5996,85,257.342700024416,Toronto1,43.6090648817524,Point,-79.6183702,-79.6183152,43.6090337,
5997,85,236.154126346079,Toronto1,43.6070234734801,Point,-79.6277426,,,
5998,85,179.953973452978,Toronto1,43.602880351122,Point,-79.6234842,,,
5999,85,186.055868260883,Toronto1,43.6048324967835,Point,-79.6343508,,,
6000,73,3423.97594001771,NY1,33,0.57,0.71,82,,
6001,73,126.140119918651,NY1,76,0.57,0.71,38,,flat
